{"type":"FeatureCollection","crs":{"type":"name","properties":{"name":"EPSG:4326"}},"features":[{"type":"Feature","id":572,"geometry":{"type":"LineString","coordinates":[[-118.523245233419,34.038399837798],[-118.523392233182,34.0385368386208],[-118.523545232655,34.0386658391406],[-118.523712232941,34.0387988383724],[-118.523800233934,34.0388928387566],[-118.523864231851,34.0389818387086],[-118.523920233915,34.0390918395142],[-118.523957233852,34.0392058390409],[-118.523974233411,34.0393088382257],[-118.523974232408,34.0394278386754],[-118.523955233493,34.0395458397205],[-118.523922232991,34.0396458391843],[-118.523848232666,34.039792838856],[-118.523772232802,34.0399268388494]]},"properties":{"OBJECTID":572,"FullName":"Alma Real Dr","Source":"CAMS","SourceID":"AD712998-02F9-458C-AB79-ABB7DA0E18B2","UpdateDate":1429331240000}},{"type":"Feature","id":2394,"geometry":{"type":"LineString","coordinates":[[-118.527369233518,34.0363278388714],[-118.527238233542,34.0366288380543],[-118.527180233893,34.0367168381057],[-118.527121233051,34.0367798374134],[-118.527051232207,34.0368358373791],[-118.526983233531,34.0368758379674]]},"properties":{"OBJECTID":2394,"FullName":"N Lombard Ave","Source":"CAMS","SourceID":"6A57C9D0-C512-4B07-A1B2-C2C210AB7573","UpdateDate":1429331240000}},{"type":"Feature","id":5628,"geometry":{"type":"LineString","coordinates":[[-118.526982235256,34.051303840415],[-118.527102234429,34.0513238393428]]},"properties":{"OBJECTID":5628,"FullName":"Bestor Blvd","Source":"CAMS","SourceID":"FAE207E6-1018-49D5-9496-CCDBC30AA33D","UpdateDate":1429331240000}},{"type":"Feature","id":8085,"geometry":{"type":"LineString","coordinates":[[-118.531239233113,34.0385068380384],[-118.531204234401,34.0386328387957],[-118.531164233258,34.038709838546],[-118.531109235337,34.0387808386941],[-118.531041233819,34.0388418384367],[-118.530969234107,34.0388878378811],[-118.53038223437,34.0391388378698]]},"properties":{"OBJECTID":8085,"FullName":"N Mount Holyoke Ave","Source":"CAMS","SourceID":"37557698-4A12-42D2-A7DD-1906C7757C4B","UpdateDate":1429331240000}},{"type":"Feature","id":8201,"geometry":{"type":"LineString","coordinates":[[-118.528629233998,34.0472688393389],[-118.52878123495,34.0474778394808],[-118.528826234661,34.047568838561],[-118.528853234333,34.0476648388652],[-118.528865233835,34.0477848389347],[-118.528862235582,34.0479088390084],[-118.528853233971,34.0479838387479]]},"properties":{"OBJECTID":8201,"FullName":"N Haverford Ave","Source":"CAMS","SourceID":"59C0928E-CDB9-4FB3-9C71-3F8BE8DA6D11","UpdateDate":1429331240000}},{"type":"Feature","id":9901,"geometry":{"type":"LineString","coordinates":[[-118.52154123398,34.0491678394314],[-118.522547233583,34.0490138402644]]},"properties":{"OBJECTID":9901,"FullName":"Albright St","Source":"CAMS","SourceID":"409CC1F1-81AD-4128-A7FB-E783A8B71AF7","UpdateDate":1429331240000}},{"type":"Feature","id":10574,"geometry":{"type":"LineString","coordinates":[[-118.530818234288,34.0497408393053],[-118.530828235366,34.0498468398646]]},"properties":{"OBJECTID":10574,"FullName":null,"Source":"CAMS","SourceID":"AF9CBB2C-8E00-4795-AC21-890C4C83A627","UpdateDate":1429331240000}},{"type":"Feature","id":12465,"geometry":{"type":"LineString","coordinates":[[-118.51822823294,34.0385128398785],[-118.519092231426,34.0385748389231]]},"properties":{"OBJECTID":12465,"FullName":"Borgos Pl","Source":"CAMS","SourceID":"CBE5D59B-AFE4-4D36-A755-F2B089A64D8B","UpdateDate":1429331240000}},{"type":"Feature","id":12774,"geometry":{"type":"LineString","coordinates":[[-118.533318235789,34.0487628396022],[-118.533285236116,34.0489948397622],[-118.533256235184,34.0490778391826],[-118.533213235991,34.0491568398719],[-118.533148235157,34.04923584032],[-118.533067235333,34.049303839548],[-118.532993235949,34.0493498390991],[-118.532923235801,34.0493828396824],[-118.532318235702,34.0496258388373],[-118.532234235014,34.0496758397679],[-118.532167234913,34.049728839972],[-118.532143235002,34.0497518385368]]},"properties":{"OBJECTID":12774,"FullName":"El Medio Ave","Source":"CAMS","SourceID":"102FCC9E-8FE7-4E26-9701-701043BDC656","UpdateDate":1429331240000}},{"type":"Feature","id":15283,"geometry":{"type":"LineString","coordinates":[[-118.528268232974,34.037993837826],[-118.528127233746,34.03855683838]]},"properties":{"OBJECTID":15283,"FullName":"N Swarthmore Ave","Source":"CAMS","SourceID":"F09E5DA9-33FB-440C-A5E9-D6CB640555F1","UpdateDate":1429331240000}},{"type":"Feature","id":16047,"geometry":{"type":"LineString","coordinates":[[-118.522507233144,34.0370968382486],[-118.522558233354,34.037309838681],[-118.522626232211,34.0375108381584],[-118.522693233347,34.0376628387747],[-118.522773233823,34.0378118386472],[-118.522865232744,34.0379548381571],[-118.522982232759,34.0381098387818],[-118.523154232779,34.0383058391953],[-118.523245233419,34.038399837798]]},"properties":{"OBJECTID":16047,"FullName":"Alma Real Dr","Source":"CAMS","SourceID":"06A262BD-EB46-4D93-89F6-D77E0A042BA1","UpdateDate":1429331240000}},{"type":"Feature","id":18095,"geometry":{"type":"LineString","coordinates":[[-118.531519233511,34.0373848382498],[-118.531239233113,34.0385068380384]]},"properties":{"OBJECTID":18095,"FullName":"N Mount Holyoke Ave","Source":"CAMS","SourceID":"870A677F-4713-45EF-A606-6495044A3BE2","UpdateDate":1429331240000}},{"type":"Feature","id":22414,"geometry":{"type":"LineString","coordinates":[[-118.530818234288,34.0497408393053],[-118.530923235254,34.049693839317],[-118.531065234884,34.0496128390368],[-118.531197235052,34.0495188390976],[-118.531316234076,34.049414838639],[-118.531552235328,34.0491758403999],[-118.531675234945,34.0490748403304],[-118.531810235277,34.0489848392612],[-118.531956235457,34.0489068395654],[-118.532110234047,34.0488428396197],[-118.532244235006,34.0487998388362],[-118.532382235461,34.0487658383739],[-118.532552236129,34.0487398393401],[-118.532724235271,34.0487278393763],[-118.532897235343,34.0487308390781],[-118.533318235789,34.0487628396022]]},"properties":{"OBJECTID":22414,"FullName":"W Sunset Blvd","Source":"CAMS","SourceID":"198D410D-13F1-4C70-BBF4-33EB62EECD1D","UpdateDate":1429331240000}},{"type":"Feature","id":25996,"geometry":{"type":"LineString","coordinates":[[-118.526237232957,34.0389908378323],[-118.526448233795,34.039291838074],[-118.526555233052,34.0394238391536],[-118.526704232265,34.0395788391141],[-118.526835233688,34.0396948393082],[-118.526975234028,34.0398038384021],[-118.52710323261,34.0398898382745],[-118.527227233491,34.039957838208],[-118.527359234148,34.0400158383629],[-118.527497233826,34.0400608381158],[-118.527640234886,34.0400938389076],[-118.527739234298,34.0401108384105]]},"properties":{"OBJECTID":25996,"FullName":"De Pauw St","Source":"CAMS","SourceID":"E68059E1-19EB-4981-95B1-321F2CFD1020","UpdateDate":1429331240000}},{"type":"Feature","id":26036,"geometry":{"type":"LineString","coordinates":[[-118.529422233837,34.0491528394738],[-118.5294022345,34.0492628401709],[-118.529389235767,34.0493178387907]]},"properties":{"OBJECTID":26036,"FullName":"Temescal Canyon Rd","Source":"CAMS","SourceID":"2F039203-1E97-414D-B279-3E34CFE766F3","UpdateDate":1429331240000}},{"type":"Feature","id":27652,"geometry":{"type":"LineString","coordinates":[[-118.520653233356,34.0529928406761],[-118.520535232904,34.052999840448],[-118.5204082337,34.0529918394023],[-118.519979233498,34.052940840916],[-118.519937234064,34.0529458404784],[-118.519890232835,34.0529658406371],[-118.519854232107,34.0529998412108],[-118.519838233299,34.0530378405496],[-118.519836232694,34.0530798401638],[-118.519868233722,34.0531628405717],[-118.519908234423,34.0532318407841],[-118.519967233726,34.0533028408379],[-118.520038233182,34.0533658403147],[-118.520130234105,34.0534228397071],[-118.520412233114,34.0535498408427],[-118.520461233041,34.0535878405242],[-118.520495232441,34.053630839867],[-118.52056723375,34.0537708406167],[-118.520609233026,34.0538148413124],[-118.520957234203,34.0540158407876],[-118.521288232995,34.0541558405702],[-118.521368233523,34.0541718401268],[-118.521434233918,34.0541698404407],[-118.521495233677,34.0541548413768],[-118.521520233481,34.0541428403078]]},"properties":{"OBJECTID":27652,"FullName":"Chautauqua Blvd","Source":"CAMS","SourceID":"1C01412E-2E7F-4948-95BE-6525712A95B5","UpdateDate":1429331240000}},{"type":"Feature","id":32020,"geometry":{"type":"LineString","coordinates":[[-118.523118234432,34.0515968407947],[-118.523435233994,34.0515698400149],[-118.523707234149,34.0515318400466],[-118.523910234183,34.0514928406198],[-118.524124233569,34.0514418405005]]},"properties":{"OBJECTID":32020,"FullName":"Bestor Blvd","Source":"CAMS","SourceID":"0300FEE6-1910-400E-84DB-440C762AF811","UpdateDate":1429331240000}},{"type":"Feature","id":32198,"geometry":{"type":"LineString","coordinates":[[-118.524944233522,34.0519538404032],[-118.524794234374,34.0527128404487]]},"properties":{"OBJECTID":32198,"FullName":"Monument St","Source":"CAMS","SourceID":"03EA84E6-2306-4688-AB2D-C644FFEB7609","UpdateDate":1429331240000}},{"type":"Feature","id":32728,"geometry":{"type":"LineString","coordinates":[[-118.522147233165,34.0472028399769],[-118.523154233693,34.0470488394467]]},"properties":{"OBJECTID":32728,"FullName":"Bashford St","Source":"CAMS","SourceID":"13580DA7-BA5E-4843-9DB7-7D882700F8F1","UpdateDate":1429331240000}},{"type":"Feature","id":36750,"geometry":{"type":"LineString","coordinates":[[-118.525822234288,34.0473838398512],[-118.525913234863,34.0474878400248],[-118.526261233864,34.0477748399881],[-118.526379234461,34.0478548394619],[-118.526489234745,34.0479138398845],[-118.526625234778,34.0479688393847],[-118.526706233476,34.0479948390162],[-118.526810233864,34.0480118400529],[-118.526903233231,34.0480148394102]]},"properties":{"OBJECTID":36750,"FullName":"W Sunset Blvd","Source":"CAMS","SourceID":"4205E9D3-B27C-4B1E-86A4-94949BF30801","UpdateDate":1429331240000}},{"type":"Feature","id":42318,"geometry":{"type":"LineString","coordinates":[[-118.517506232181,34.0415308390073],[-118.51712023163,34.0431448390629],[-118.517112232893,34.0432598393584],[-118.517123232382,34.0433738396248],[-118.517195232806,34.0436998396471]]},"properties":{"OBJECTID":42318,"FullName":"Chautauqua Blvd","Source":"CAMS","SourceID":"59E0B0A2-0A41-4477-80E6-7AA80D339124","UpdateDate":1429331240000}},{"type":"Feature","id":42477,"geometry":{"type":"LineString","coordinates":[[-118.526974234035,34.0520578402038],[-118.526316235198,34.0527498395147]]},"properties":{"OBJECTID":42477,"FullName":"Rimmer Ave","Source":"CAMS","SourceID":"1822D1F2-0E19-446C-B911-EC4124A92EDD","UpdateDate":1429331240000}},{"type":"Feature","id":43198,"geometry":{"type":"LineString","coordinates":[[-118.519583231963,34.0407748392724],[-118.519806232207,34.0411018385772],[-118.519948232279,34.0412838384005],[-118.520101232249,34.0414598387206],[-118.520265232437,34.0416288396877],[-118.520440232856,34.0417908394537],[-118.521211231791,34.0424278400336]]},"properties":{"OBJECTID":43198,"FullName":"Toyopa Dr","Source":"CAMS","SourceID":"D0905DB5-8EF3-45DD-94B7-8BBA95B8E875","UpdateDate":1429331240000}},{"type":"Feature","id":44581,"geometry":{"type":"LineString","coordinates":[[-118.530482234741,34.046228839736],[-118.530367234992,34.046268838637],[-118.529959234225,34.0467418394774],[-118.529847234814,34.0468918395935],[-118.529749233432,34.0470478383457],[-118.529664235001,34.0472088385227],[-118.529592235078,34.0473758399791],[-118.529522234114,34.0475878392896],[-118.529476234611,34.0478048396435],[-118.529454234837,34.0479808400153],[-118.529448233973,34.0481628385022],[-118.5294522339,34.0488858395677],[-118.529433234586,34.0490958391769],[-118.529422233837,34.0491528394738]]},"properties":{"OBJECTID":44581,"FullName":"Temescal Canyon Rd","Source":"CAMS","SourceID":"63F0DF36-04FA-42BC-B971-0303FD9C197E","UpdateDate":1429331240000}},{"type":"Feature","id":46968,"geometry":{"type":"LineString","coordinates":[[-118.529914234723,34.0359518384254],[-118.529893234048,34.0360368384518]]},"properties":{"OBJECTID":46968,"FullName":null,"Source":"CAMS","SourceID":"6EE1677B-E424-4B56-96F8-327D4D4686B9","UpdateDate":1429331240000}},{"type":"Feature","id":50597,"geometry":{"type":"LineString","coordinates":[[-118.530965234373,34.0359208384077],[-118.530638233527,34.0372328372259]]},"properties":{"OBJECTID":50597,"FullName":"N Beirut Ave","Source":"CAMS","SourceID":"7B5C634A-F03F-47F3-8CE3-B58FA10C603A","UpdateDate":1429331240000}},{"type":"Feature","id":52203,"geometry":{"type":"LineString","coordinates":[[-118.522760233024,34.0452668395101],[-118.523154233693,34.0470488394467]]},"properties":{"OBJECTID":52203,"FullName":"Embury St","Source":"CAMS","SourceID":"A1516DD9-D434-41F4-B3A0-3E01AB85F0EF","UpdateDate":1429331240000}},{"type":"Feature","id":52591,"geometry":{"type":"LineString","coordinates":[[-118.520231233239,34.0432348389662],[-118.520744233487,34.0455598390562]]},"properties":{"OBJECTID":52591,"FullName":"Galloway St","Source":"CAMS","SourceID":"D213EE3D-3D99-4BAF-B48D-59DF2AE968FE","UpdateDate":1429331240000}},{"type":"Feature","id":52749,"geometry":{"type":"LineString","coordinates":[[-118.525630234227,34.0486578397395],[-118.525828234277,34.0499978402014],[-118.525857234867,34.0500538401664],[-118.525895234136,34.0500928402721],[-118.525947234875,34.0501248393333],[-118.526011234235,34.0501458387129],[-118.526355234703,34.0502048394096]]},"properties":{"OBJECTID":52749,"FullName":"Charm Acres Pl","Source":"CAMS","SourceID":"AF353FD1-2A3D-4FD2-8EF7-C9A27EAF61F8","UpdateDate":1429331240000}},{"type":"Feature","id":53772,"geometry":{"type":"LineString","coordinates":[[-118.518913233005,34.05140484059],[-118.519288233677,34.0513538404804],[-118.51951723264,34.0513308408405],[-118.519931234137,34.0513058408255]]},"properties":{"OBJECTID":53772,"FullName":"Bestor Blvd","Source":"CAMS","SourceID":"BF346294-3C85-4D7E-9D08-3ECBDD1C1848","UpdateDate":1429331240000}},{"type":"Feature","id":56785,"geometry":{"type":"LineString","coordinates":[[-118.515889230797,34.0384288384655],[-118.515944231251,34.0389168389001],[-118.515937231212,34.0389818390942],[-118.515909231785,34.0390568396303],[-118.515878231041,34.0391038394735],[-118.515464231163,34.0396298396845],[-118.515394231545,34.0396938394157],[-118.515332230369,34.0397358389803],[-118.514508231863,34.0402368391216]]},"properties":{"OBJECTID":56785,"FullName":"Hightree Rd","Source":"CAMS","SourceID":"2578C0CC-544C-46ED-BF4F-F42566459FD2","UpdateDate":1429331240000}},{"type":"Feature","id":59185,"geometry":{"type":"LineString","coordinates":[[-118.52283123298,34.0387408388273],[-118.522795233551,34.0388378389187],[-118.522773233031,34.0389398387278],[-118.522765233297,34.0390438379327],[-118.522774232331,34.0391528383027],[-118.522801232665,34.0392638387778],[-118.522841232488,34.0393628384684],[-118.522864233277,34.0394058387413]]},"properties":{"OBJECTID":59185,"FullName":"El Cerco Pl","Source":"CAMS","SourceID":"61923F6A-BB2B-45FA-8392-A3668D7F0506","UpdateDate":1429331240000}},{"type":"Feature","id":59283,"geometry":{"type":"LineString","coordinates":[[-118.529638233262,34.0370598375257],[-118.530638233527,34.0372328372259]]},"properties":{"OBJECTID":59283,"FullName":"W Friends St","Source":"CAMS","SourceID":"988A186C-7CF4-4CE8-AD4B-A1BB3DDF306E","UpdateDate":1429331240000}},{"type":"Feature","id":60734,"geometry":{"type":"LineString","coordinates":[[-118.525834233065,34.0436208397476],[-118.525750232674,34.044062838974],[-118.52575923365,34.0441178396597],[-118.525773234602,34.044143839494]]},"properties":{"OBJECTID":60734,"FullName":"Patterson Pl","Source":"CAMS","SourceID":"567981EC-3E09-4B63-82ED-82E911A78A3F","UpdateDate":1772073869000}},{"type":"Feature","id":61623,"geometry":{"type":"LineString","coordinates":[[-118.527737234626,34.0472578403327],[-118.528322234015,34.0473588403148],[-118.528415234,34.0473548398501],[-118.52850523359,34.0473348392993],[-118.528629233998,34.0472688393389]]},"properties":{"OBJECTID":61623,"FullName":"W Antioch St","Source":"CAMS","SourceID":"9F754A02-5E8A-4066-9986-68C494089873","UpdateDate":1429331240000}},{"type":"Feature","id":62093,"geometry":{"type":"LineString","coordinates":[[-118.524124233569,34.0514418405005],[-118.524411233811,34.0513528404591],[-118.524778233721,34.051223839695]]},"properties":{"OBJECTID":62093,"FullName":"Bestor Blvd","Source":"CAMS","SourceID":"F1270299-F160-41B2-8C39-36AF8AAD108E","UpdateDate":1429331240000}},{"type":"Feature","id":62805,"geometry":{"type":"LineString","coordinates":[[-118.522093233121,34.0381158390307],[-118.521971233021,34.0384138391735],[-118.521924231787,34.0385668396697],[-118.521893232156,34.0387228398223],[-118.521879231851,34.0388808382298],[-118.521882233675,34.0390388379777],[-118.521900233161,34.0391928394873],[-118.521936232888,34.0393488385299],[-118.521975232689,34.0394708383797],[-118.522041232851,34.0396548384176]]},"properties":{"OBJECTID":62805,"FullName":"Frontera Dr","Source":"CAMS","SourceID":"68D62BC2-9AC5-4A87-B5C2-C0F17904303F","UpdateDate":1429331240000}},{"type":"Feature","id":63495,"geometry":{"type":"LineString","coordinates":[[-118.531954235479,34.0528778386867],[-118.531997236364,34.0529558398257],[-118.532027235899,34.0530388395698],[-118.532043234479,34.0531258398201],[-118.53207923597,34.0535028395701],[-118.532067235772,34.0535588402134],[-118.532038236382,34.0536108398864],[-118.532000235791,34.0536498393309],[-118.531945236131,34.0536838397757],[-118.531886236095,34.0537048404779],[-118.531827235843,34.053711839334],[-118.531762234452,34.053707840555],[-118.531713235736,34.0536928401106],[-118.531626234889,34.0536438403824]]},"properties":{"OBJECTID":63495,"FullName":"Palisair Pl","Source":"CAMS","SourceID":"CB16B279-11A7-4EEF-906F-01C6668C36D8","UpdateDate":1429331240000}},{"type":"Feature","id":68398,"geometry":{"type":"LineString","coordinates":[[-118.527928234612,34.0393548387689],[-118.527739234298,34.0401108384105]]},"properties":{"OBJECTID":68398,"FullName":"N Swarthmore Ave","Source":"CAMS","SourceID":"F3E7B19C-BE8F-4386-83F0-94669B011925","UpdateDate":1429331240000}},{"type":"Feature","id":69145,"geometry":{"type":"LineString","coordinates":[[-118.522507233144,34.0370968382486],[-118.522163232441,34.0371368383764],[-118.522054232649,34.0371658389151],[-118.521963232594,34.0372048389437],[-118.521923232558,34.0372268381139],[-118.521759232713,34.0373448380278],[-118.521623231874,34.03746483808],[-118.52148223276,34.0375978390203]]},"properties":{"OBJECTID":69145,"FullName":"Chapala Dr","Source":"CAMS","SourceID":"3F640B7F-3D71-4F56-9FE9-567F38273470","UpdateDate":1429331240000}},{"type":"Feature","id":71205,"geometry":{"type":"LineString","coordinates":[[-118.530482234741,34.046228839736],[-118.530474235063,34.0463338384348],[-118.530097235426,34.0467678390789],[-118.529962234279,34.0469458393218],[-118.52986823374,34.0470958397988],[-118.52978623452,34.0472498381668],[-118.52971823476,34.0474088390161],[-118.529663234104,34.0475708390297],[-118.529614234433,34.047777839196],[-118.529590234821,34.0479458399878],[-118.529580234556,34.0481148395922],[-118.529584235664,34.0488888398513],[-118.529570235397,34.049064840331],[-118.529541235745,34.0492398391632],[-118.529504234878,34.0493918396354],[-118.52945623482,34.0495398395078],[-118.529396234013,34.0497008389851],[-118.529309234062,34.0497478389775]]},"properties":{"OBJECTID":71205,"FullName":"N Temescal Canyon Rd","Source":"CAMS","SourceID":"6BD63762-20E1-4219-B4E4-E6F15B27C8D7","UpdateDate":1429331240000}},{"type":"Feature","id":73851,"geometry":{"type":"LineString","coordinates":[[-118.522987233553,34.0385738383018],[-118.522906231834,34.0386318389383],[-118.522881232619,34.03866083882]]},"properties":{"OBJECTID":73851,"FullName":"El Cerco Pl","Source":"CAMS","SourceID":"BC7FF231-F02E-4E1F-8511-CB5661F38755","UpdateDate":1429331240000}},{"type":"Feature","id":74496,"geometry":{"type":"LineString","coordinates":[[-118.528829234281,34.0402988392243],[-118.528241234743,34.0426528394741]]},"properties":{"OBJECTID":74496,"FullName":"Via De La Paz","Source":"CAMS","SourceID":"19F2EFBD-0A55-4F5F-A9E4-67F40325E9D6","UpdateDate":1429331240000}},{"type":"Feature","id":75943,"geometry":{"type":"LineString","coordinates":[[-118.532143235002,34.0497518385368],[-118.532085235129,34.0498208392308],[-118.532040235219,34.0498988394912],[-118.532010234276,34.0499808386997],[-118.531910235539,34.05056283915],[-118.531878234896,34.0506598397433],[-118.531825234825,34.0507668398339],[-118.531783235533,34.050828839777]]},"properties":{"OBJECTID":75943,"FullName":"El Medio Ave","Source":"CAMS","SourceID":"0428E2CE-2F33-429D-8696-8D4BF853D0F9","UpdateDate":1429331240000}},{"type":"Feature","id":76372,"geometry":{"type":"LineString","coordinates":[[-118.518063232674,34.0515358406366],[-118.518082233029,34.0516718410704],[-118.518131233776,34.0518098395188],[-118.518188232113,34.0519238407165],[-118.51824423261,34.0520108405604]]},"properties":{"OBJECTID":76372,"FullName":"Chautauqua Blvd","Source":"CAMS","SourceID":"68975464-2BD6-48CE-8BE3-FBE6DDA444FC","UpdateDate":1429331240000}},{"type":"Feature","id":80893,"geometry":{"type":"LineString","coordinates":[[-118.52137923198,34.0437258394577],[-118.521750233369,34.0454058391619]]},"properties":{"OBJECTID":80893,"FullName":"Fiske St","Source":"CAMS","SourceID":"F5E23AE5-77E5-40BB-9976-029477711BBA","UpdateDate":1429331240000}},{"type":"Feature","id":81498,"geometry":{"type":"LineString","coordinates":[[-118.517195232806,34.0436998396471],[-118.517496231914,34.0450628389939]]},"properties":{"OBJECTID":81498,"FullName":"Chautauqua Blvd","Source":"CAMS","SourceID":"9C1CB8A8-609F-4334-AD8B-813E48C857A0","UpdateDate":1429331240000}},{"type":"Feature","id":82326,"geometry":{"type":"LineString","coordinates":[[-118.520436232309,34.0360618379863],[-118.520105232394,34.036437839193]]},"properties":{"OBJECTID":82326,"FullName":"Toyopa Dr","Source":"CAMS","SourceID":"E004CFCF-AC52-4BF8-A12F-2DACB66C838F","UpdateDate":1429331240000}},{"type":"Feature","id":82734,"geometry":{"type":"LineString","coordinates":[[-118.523554234609,34.0488598391784],[-118.524599232738,34.0486998388677]]},"properties":{"OBJECTID":82734,"FullName":"Albright St","Source":"CAMS","SourceID":"9A81B5C6-7C62-464C-8935-02DC4CE91C48","UpdateDate":1429331240000}},{"type":"Feature","id":83309,"geometry":{"type":"LineString","coordinates":[[-118.518757233626,34.0523898412267],[-118.51887223284,34.0524348397459],[-118.518956233937,34.0524818402615],[-118.519043234186,34.0525438411638],[-118.519127232779,34.0526258411342],[-118.519195233117,34.0527178402865],[-118.519240233667,34.0528058407991],[-118.519270233799,34.0528988408243],[-118.519284233543,34.0529938407436],[-118.519295234232,34.053110841203],[-118.519323233626,34.0532088407427],[-118.519370233935,34.0533008399537],[-118.519833233704,34.0540428405601],[-118.519855232841,34.0541088395244],[-118.519858233237,34.0541768405503],[-118.519844233328,34.0542388401844],[-118.519813234343,34.0543018406725],[-118.519680232971,34.054454840874]]},"properties":{"OBJECTID":83309,"FullName":"Paskenta Rd","Source":"CAMS","SourceID":"8F64456A-0C26-4DA9-B63A-97F2F0463FFA","UpdateDate":1429331240000}},{"type":"Feature","id":83400,"geometry":{"type":"LineString","coordinates":[[-118.518063232674,34.0515358406366],[-118.518913233005,34.05140484059]]},"properties":{"OBJECTID":83400,"FullName":"Bestor Blvd","Source":"CAMS","SourceID":"DDD5B6E1-ECDA-462A-A626-C172DE57674B","UpdateDate":1429331240000}},{"type":"Feature","id":85926,"geometry":{"type":"LineString","coordinates":[[-118.528241234743,34.0426528394741],[-118.528833234401,34.0427538377483]]},"properties":{"OBJECTID":85926,"FullName":"Carthage St","Source":"CAMS","SourceID":"07396040-3D22-4844-82E5-B09765ECA426","UpdateDate":1429331240000}},{"type":"Feature","id":88910,"geometry":{"type":"LineString","coordinates":[[-118.519527233143,34.0494758401226],[-118.519931234137,34.0513058408255]]},"properties":{"OBJECTID":88910,"FullName":"Iliff St","Source":"CAMS","SourceID":"583FBB87-430C-4383-A283-11D445B14CD5","UpdateDate":1429331240000}},{"type":"Feature","id":89021,"geometry":{"type":"LineString","coordinates":[[-118.528268232974,34.037993837826],[-118.529357233221,34.0381808392057]]},"properties":{"OBJECTID":89021,"FullName":"W Earlham St","Source":"CAMS","SourceID":"38329A1D-C3CE-4742-8D5E-215C2B7DA453","UpdateDate":1429331240000}},{"type":"Feature","id":89947,"geometry":{"type":"LineString","coordinates":[[-118.530482234741,34.046228839736],[-118.530523234806,34.0462998388695],[-118.531326235809,34.0467638386091],[-118.53144023528,34.046810839074],[-118.53154423422,34.0468418387514],[-118.531668235234,34.046862838746],[-118.531795235089,34.0468698389195],[-118.531921234187,34.0468618399437],[-118.532045234823,34.0468398388125],[-118.532178233908,34.0467978387083],[-118.532302235109,34.0467388390205],[-118.532413235312,34.0466638392037],[-118.532498235058,34.0465868389318],[-118.532571234837,34.0464998393572],[-118.532628235679,34.0464058386309],[-118.532663236324,34.0463228390498],[-118.533110235055,34.0449858384402],[-118.533084234496,34.0449048389973]]},"properties":{"OBJECTID":89947,"FullName":"W Bowdoin St","Source":"CAMS","SourceID":"72A23A9D-7EFD-46DD-81E1-2CD84D5E6047","UpdateDate":1429331240000}},{"type":"Feature","id":92754,"geometry":{"type":"LineString","coordinates":[[-118.530358233915,34.0383538378069],[-118.531239233113,34.0385068380384]]},"properties":{"OBJECTID":92754,"FullName":"W Earlham St","Source":"CAMS","SourceID":"D374CB66-1809-41B8-B775-AAB73938275B","UpdateDate":1429331240000}},{"type":"Feature","id":94948,"geometry":{"type":"LineString","coordinates":[[-118.515985231925,34.050801839371],[-118.516045233071,34.0512538401074],[-118.51614223372,34.0516598412273],[-118.516283232822,34.0518858403835]]},"properties":{"OBJECTID":94948,"FullName":"Rivas Canyon Rd","Source":"CAMS","SourceID":"6AE308FE-B351-4245-AE73-DBD0EFDD3EE0","UpdateDate":1429331240000}},{"type":"Feature","id":95643,"geometry":{"type":"LineString","coordinates":[[-118.530323234332,34.0409058382659],[-118.530066234754,34.0411708383193],[-118.529973234472,34.0412848387094],[-118.529892234442,34.0414048393003],[-118.529812234934,34.0415568382918],[-118.529752233628,34.0417138386832],[-118.529460235464,34.0428748389794]]},"properties":{"OBJECTID":95643,"FullName":"N Haverford Ave","Source":"CAMS","SourceID":"F9A1E7DD-767E-4B37-A435-2040B5E4E00C","UpdateDate":1429331240000}},{"type":"Feature","id":95832,"geometry":{"type":"LineString","coordinates":[[-118.529238234654,34.0497118397495],[-118.52915523399,34.0499168394798],[-118.529016235203,34.0501468389603],[-118.528987235291,34.0502408388248],[-118.52899023427,34.0503828389331]]},"properties":{"OBJECTID":95832,"FullName":"Temescal Canyon Rd","Source":"CAMS","SourceID":"4B8C23BF-A172-45AA-8FA3-BEC2A76AAA60","UpdateDate":1429331240000}},{"type":"Feature","id":96032,"geometry":{"type":"LineString","coordinates":[[-118.527130233147,34.0424608391109],[-118.526912233232,34.0430178393176],[-118.526876234404,34.0431638393193]]},"properties":{"OBJECTID":96032,"FullName":"N Swarthmore Ave","Source":"CAMS","SourceID":"FB1D6A7E-DEE2-4012-A941-0F3BBD4698CF","UpdateDate":1429331240000}},{"type":"Feature","id":96266,"geometry":{"type":"LineString","coordinates":[[-118.527102234429,34.0513238393428],[-118.527132235612,34.0516278401041],[-118.527127234777,34.0517268392742],[-118.527105233893,34.051823840009],[-118.527062234221,34.0519288388947],[-118.527007233749,34.0520168402185],[-118.526974234035,34.0520578402038]]},"properties":{"OBJECTID":96266,"FullName":"Rimmer Ave","Source":"CAMS","SourceID":"A188B8CD-D2CF-45E9-80ED-0A44ACB3A593","UpdateDate":1429331240000}},{"type":"Feature","id":98412,"geometry":{"type":"LineString","coordinates":[[-118.517497231881,34.0497858401882],[-118.518063232674,34.0515358406366]]},"properties":{"OBJECTID":98412,"FullName":"Chautauqua Blvd","Source":"CAMS","SourceID":"E4A81A0E-0FE8-4E70-A291-D6C2B99A557D","UpdateDate":1429331240000}},{"type":"Feature","id":98887,"geometry":{"type":"LineString","coordinates":[[-118.518224231889,34.0413088398152],[-118.518349232591,34.0413268389027],[-118.518469232603,34.0413578387885],[-118.518584232271,34.041400838778],[-118.518692232468,34.0414558384582],[-118.51879123171,34.0415198389138],[-118.518806232434,34.0415328395629],[-118.518835233167,34.0416318391523]]},"properties":{"OBJECTID":98887,"FullName":"W Sunset Blvd","Source":"CAMS","SourceID":"48AC81FC-D1EC-4720-B84F-04755A04A593","UpdateDate":1429331240000}},{"type":"Feature","id":99102,"geometry":{"type":"LineString","coordinates":[[-118.521271233333,34.0399578384417],[-118.522041232851,34.0396548384176]]},"properties":{"OBJECTID":99102,"FullName":"W Pampas Ricas Blvd","Source":"CAMS","SourceID":"2D80A0A3-CF2D-41E3-925D-0D5C21376979","UpdateDate":1429331240000}},{"type":"Feature","id":101367,"geometry":{"type":"LineString","coordinates":[[-118.515889230797,34.0384288384655],[-118.515888232718,34.0383658396069],[-118.515903230945,34.0383148385931],[-118.515922232011,34.0382628395996],[-118.515957230993,34.0382048392156],[-118.515980230847,34.0381638381236],[-118.516027231551,34.0381198387119],[-118.516058231089,34.0380718381283],[-118.516084231112,34.0380128394001],[-118.516096230865,34.037960838751],[-118.516122231342,34.0379068399457],[-118.516168231138,34.0378498382603],[-118.516213231929,34.0378108391446],[-118.516261231684,34.0377838392891],[-118.516321231814,34.0377618385172],[-118.516374231263,34.0377318385529],[-118.516425232449,34.0377158389911],[-118.516489230966,34.0377028391241]]},"properties":{"OBJECTID":101367,"FullName":null,"Source":"CAMS","SourceID":"F6080117-D64C-42D9-96DD-451BDE511A84","UpdateDate":1705841266000}},{"type":"Feature","id":102653,"geometry":{"type":"LineString","coordinates":[[-118.520795232234,34.0370168388221],[-118.520580231227,34.0372838389468],[-118.520473232637,34.037442838528],[-118.520366231522,34.0376288382093],[-118.520265231198,34.0378468382019],[-118.520183232168,34.0380698382233],[-118.520120232687,34.038296838514],[-118.52007723245,34.0385278393062],[-118.520052232269,34.0387598389948],[-118.520047231414,34.0389928397991],[-118.520062232481,34.0392258382984],[-118.520085232707,34.0393998389995],[-118.520134232092,34.0396288387721],[-118.520183232107,34.03979884002],[-118.520242232855,34.0399668391172],[-118.520313232741,34.0401318384494],[-118.520397233227,34.0403028391515]]},"properties":{"OBJECTID":102653,"FullName":"Ocampo Dr","Source":"CAMS","SourceID":"D5BF10C8-67DF-492D-9F70-B4A8C9519AA3","UpdateDate":1429331240000}},{"type":"Feature","id":104311,"geometry":{"type":"LineString","coordinates":[[-118.520534232141,34.0493218399323],[-118.52154123398,34.0491678394314]]},"properties":{"OBJECTID":104311,"FullName":"Albright St","Source":"CAMS","SourceID":"A13117B5-2399-4CB1-84CD-E9C11DDAA475","UpdateDate":1429331240000}},{"type":"Feature","id":105064,"geometry":{"type":"LineString","coordinates":[[-118.531783235533,34.050828839777],[-118.531365235453,34.0513968405285],[-118.531320235,34.0514828398858],[-118.531293235985,34.0515738402066],[-118.531282236087,34.0516678398781],[-118.531290236016,34.0517618398033],[-118.531358235526,34.0521068403278],[-118.531358234629,34.0522008393935],[-118.531351234572,34.0522588401139],[-118.531254236006,34.0528068405986],[-118.531257235416,34.0528778399034],[-118.531281235706,34.0529618389825],[-118.531318236201,34.0530278402156]]},"properties":{"OBJECTID":105064,"FullName":"El Medio Ave","Source":"CAMS","SourceID":"6669120E-2E28-44AD-9D74-8E71D8AAD767","UpdateDate":1429331240000}},{"type":"Feature","id":105361,"geometry":{"type":"LineString","coordinates":[[-118.529787233368,34.0405358383613],[-118.530311233792,34.03993383771],[-118.530606233178,34.0395348384361],[-118.53098123506,34.0391238387539],[-118.531196232938,34.038948838289],[-118.531394233322,34.0389568372842],[-118.531602233971,34.039014838179],[-118.531844233836,34.0390578388058]]},"properties":{"OBJECTID":105361,"FullName":null,"Source":"CAMS","SourceID":"F4A1746D-D134-4741-9CF8-33BF83E1BC18","UpdateDate":1429331240000}},{"type":"Feature","id":105451,"geometry":{"type":"LineString","coordinates":[[-118.522041232851,34.0396548384176],[-118.522112232544,34.0397788392206]]},"properties":{"OBJECTID":105451,"FullName":"Frontera Dr","Source":"CAMS","SourceID":"802D14B3-E916-4F83-9680-9D6AF370CF81","UpdateDate":1429331240000}},{"type":"Feature","id":105777,"geometry":{"type":"LineString","coordinates":[[-118.523402232595,34.0405188386726],[-118.523363233926,34.0405908387421]]},"properties":{"OBJECTID":105777,"FullName":"Alma Real Dr","Source":"CAMS","SourceID":"69801521-C42F-4F70-A4CE-DF5060BCD3AB","UpdateDate":1429331240000}},{"type":"Feature","id":108731,"geometry":{"type":"LineString","coordinates":[[-118.527130233147,34.0424608391109],[-118.528241234743,34.0426528394741]]},"properties":{"OBJECTID":108731,"FullName":"Carthage St","Source":"CAMS","SourceID":"3F59432E-013B-45F1-9DF7-FE8E50D83535","UpdateDate":1429331240000}},{"type":"Feature","id":109494,"geometry":{"type":"LineString","coordinates":[[-118.518521233421,34.0496298402314],[-118.519527233143,34.0494758401226]]},"properties":{"OBJECTID":109494,"FullName":"Albright St","Source":"CAMS","SourceID":"DFD1161E-351A-4167-BC9D-82C17CF96234","UpdateDate":1429331240000}},{"type":"Feature","id":109545,"geometry":{"type":"LineString","coordinates":[[-118.527069232741,34.0384178381751],[-118.527335233492,34.0384628382243],[-118.527567232899,34.038494838212],[-118.527798233553,34.0385008381252]]},"properties":{"OBJECTID":109545,"FullName":null,"Source":"CAMS","SourceID":"C0AFD2E5-7855-4A3C-8DE7-6B9E7941DB2A","UpdateDate":1705841266000}},{"type":"Feature","id":111435,"geometry":{"type":"LineString","coordinates":[[-118.528853233971,34.0479838387479],[-118.528861234145,34.0480408396157],[-118.528889234816,34.0480998399501],[-118.528948235473,34.0481798392862],[-118.529002235159,34.0482878388843],[-118.529035234899,34.0483868384352],[-118.52905323485,34.0484888391088],[-118.529056234393,34.0485908396888],[-118.529044234036,34.0487328396861],[-118.529051235523,34.0488718399539]]},"properties":{"OBJECTID":111435,"FullName":"N Haverford Ave","Source":"CAMS","SourceID":"CF04A1BE-B55E-427F-A90F-C9F48728E736","UpdateDate":1429331240000}},{"type":"Feature","id":112433,"geometry":{"type":"LineString","coordinates":[[-118.518217231892,34.0435428390488],[-118.51922423223,34.0433888396092]]},"properties":{"OBJECTID":112433,"FullName":"Drummond St","Source":"CAMS","SourceID":"F14C48B1-36D0-4D6E-9D5B-C5E7CF79E69B","UpdateDate":1429331240000}},{"type":"Feature","id":117096,"geometry":{"type":"LineString","coordinates":[[-118.527119234184,34.0471508402978],[-118.527737234626,34.0472578403327]]},"properties":{"OBJECTID":117096,"FullName":"W Antioch St","Source":"CAMS","SourceID":"2B5DEAE8-7064-4776-B50F-56EDFC32533F","UpdateDate":1429331240000}},{"type":"Feature","id":119436,"geometry":{"type":"LineString","coordinates":[[-118.51636623121,34.0408508395129],[-118.516366231985,34.0418158393784],[-118.516348230738,34.0419648388446],[-118.516315231889,34.0421118388176],[-118.516267233195,34.0422568392944],[-118.516190230945,34.0424248393905],[-118.516110231066,34.0425588389947],[-118.515862232656,34.0429068388341],[-118.515844231026,34.0429658394144],[-118.515845232136,34.0430198400166],[-118.515877232427,34.0431108389614]]},"properties":{"OBJECTID":119436,"FullName":"Greentree Rd","Source":"CAMS","SourceID":"D02C0A1F-388A-4C6F-A90B-9913CB5B2B1A","UpdateDate":1429331240000}},{"type":"Feature","id":120063,"geometry":{"type":"LineString","coordinates":[[-118.51775923252,34.041469839037],[-118.517897233015,34.0414328394669],[-118.518037232132,34.0414148392086],[-118.51817823286,34.0414148391216],[-118.518236231744,34.0414208396738]]},"properties":{"OBJECTID":120063,"FullName":"W Sunset Blvd","Source":"CAMS","SourceID":"A69B35DB-1CA7-482F-9896-E725050BA815","UpdateDate":1429331240000}},{"type":"Feature","id":120127,"geometry":{"type":"LineString","coordinates":[[-118.520744233487,34.0455598390562],[-118.521750233369,34.0454058391619]]},"properties":{"OBJECTID":120127,"FullName":"Carey St","Source":"CAMS","SourceID":"EEC29E4A-35E5-4274-8246-C917274C02B3","UpdateDate":1429331240000}},{"type":"Feature","id":120560,"geometry":{"type":"LineString","coordinates":[[-118.519583231963,34.0407748392724],[-118.520467233622,34.0404268398155]]},"properties":{"OBJECTID":120560,"FullName":"Pampas Ricas Blvd","Source":"CAMS","SourceID":"7CC12088-0BFD-4E77-89B2-C4E39B3DA6A4","UpdateDate":1429331240000}},{"type":"Feature","id":120900,"geometry":{"type":"LineString","coordinates":[[-118.525079233162,34.046771839009],[-118.525822234288,34.0473838398512]]},"properties":{"OBJECTID":120900,"FullName":"W Sunset Blvd","Source":"CAMS","SourceID":"5AC42394-2701-43FE-A083-268F5ABB554D","UpdateDate":1429331240000}},{"type":"Feature","id":123526,"geometry":{"type":"LineString","coordinates":[[-118.527354232832,34.0419938382209],[-118.526799234173,34.0418268382047],[-118.52675523477,34.0418278388406],[-118.526713233655,34.0418438386677],[-118.526680234425,34.0418748377917],[-118.526670233591,34.0418938389812],[-118.526379233585,34.0426958379549]]},"properties":{"OBJECTID":123526,"FullName":"Hampden Pl","Source":"CAMS","SourceID":"0893879A-0D1C-46FC-BA05-80D5137307F7","UpdateDate":1429331240000}},{"type":"Feature","id":123552,"geometry":{"type":"LineString","coordinates":[[-118.530358233915,34.0383538378069],[-118.530319233409,34.038426839059],[-118.530245233245,34.038729837839],[-118.530247234556,34.0387968377603],[-118.530265234454,34.0388618381274],[-118.530284233011,34.0388988377051],[-118.530416234088,34.039113838486],[-118.53038223437,34.0391388378698]]},"properties":{"OBJECTID":123552,"FullName":"N Beirut Ave","Source":"CAMS","SourceID":"528B93B4-32FB-4BFE-9FF8-DB7039D11483","UpdateDate":1429331240000}},{"type":"Feature","id":124613,"geometry":{"type":"LineString","coordinates":[[-118.517724232162,34.0460218402197],[-118.518730232165,34.0458678393846]]},"properties":{"OBJECTID":124613,"FullName":"Carey St","Source":"CAMS","SourceID":"CE310443-0305-4606-B099-1EE6DE00B478","UpdateDate":1429331240000}},{"type":"Feature","id":124747,"geometry":{"type":"LineString","coordinates":[[-118.520653233356,34.0529928406761],[-118.520756233937,34.0534188409618],[-118.520789233093,34.053479840165],[-118.520812233229,34.0535078401583],[-118.520942233607,34.0536428412305],[-118.521007233828,34.0536848403175],[-118.521056234652,34.0537048405187],[-118.521102234401,34.0537078397962],[-118.521147233061,34.0536958399555],[-118.521183233311,34.053670839967],[-118.521196232753,34.0536558408464],[-118.521288233985,34.0535138398361],[-118.52132423412,34.0534888407072],[-118.521369233708,34.0534768398778],[-118.521413233898,34.0534798404566],[-118.521454233876,34.0534948399424],[-118.521538233544,34.0535608404301],[-118.521587233345,34.053580841322],[-118.521628233607,34.0535868397772],[-118.521760233299,34.0535958402856],[-118.521794233922,34.0536078407244],[-118.521829234128,34.0536328406408],[-118.521851233129,34.0536718399405],[-118.521855233432,34.0537038399299],[-118.5218282346,34.0538928399536],[-118.521807234457,34.0539438406342],[-118.521768233114,34.0539928410391],[-118.521717234029,34.0540328400035],[-118.521520233481,34.0541428403078]]},"properties":{"OBJECTID":124747,"FullName":"Berea Pl","Source":"CAMS","SourceID":"3264C220-8940-4E4E-8C33-F7F7FC771DA9","UpdateDate":1429331240000}},{"type":"Feature","id":129909,"geometry":{"type":"LineString","coordinates":[[-118.527874232715,34.0374318376269],[-118.527917233684,34.0374758385588],[-118.527903232894,34.0375258387303],[-118.527892232999,34.0375808383373],[-118.527879232608,34.0376318384468],[-118.527867233765,34.0376778378465],[-118.52786023326,34.0377318381897],[-118.527847232877,34.0377768376516],[-118.527836233682,34.0378278389249],[-118.527824234787,34.0378738383207],[-118.527813234207,34.0379148379231]]},"properties":{"OBJECTID":129909,"FullName":null,"Source":"CAMS","SourceID":"1C4816D5-9B16-4CC8-A866-7716FC583FEA","UpdateDate":1705841266000}},{"type":"Feature","id":130125,"geometry":{"type":"LineString","coordinates":[[-118.519513232593,34.0406508389952],[-118.519583231963,34.0407748392724]]},"properties":{"OBJECTID":130125,"FullName":"Toyopa Dr","Source":"CAMS","SourceID":"EA37EFE5-D3DA-4882-9DD3-BC251521A6C5","UpdateDate":1429331240000}},{"type":"Feature","id":130206,"geometry":{"type":"LineString","coordinates":[[-118.521211231791,34.0424278400336],[-118.523305234046,34.0441498400832],[-118.523406233235,34.0442118384285],[-118.523477234003,34.044243839106]]},"properties":{"OBJECTID":130206,"FullName":"Toyopa Dr","Source":"CAMS","SourceID":"58DD54CD-52E0-4F3A-8AF8-401C90C911AC","UpdateDate":1429331240000}},{"type":"Feature","id":130801,"geometry":{"type":"LineString","coordinates":[[-118.528342233489,34.0354318375785],[-118.527369233518,34.0363278388714]]},"properties":{"OBJECTID":130801,"FullName":"N Lombard Ave","Source":"CAMS","SourceID":"C44884C1-1DE3-4B9F-93F3-DB5676086388","UpdateDate":1429331240000}},{"type":"Feature","id":130948,"geometry":{"type":"LineString","coordinates":[[-118.52771423339,34.0447638390534],[-118.528379234054,34.0449118387708]]},"properties":{"OBJECTID":130948,"FullName":"Bowdoin St","Source":"CAMS","SourceID":"6DC8B1E0-A29B-4190-AA09-2C6663DAEF45","UpdateDate":1429331240000}},{"type":"Feature","id":132736,"geometry":{"type":"LineString","coordinates":[[-118.527446232396,34.0334158372946],[-118.527340233646,34.0334158378306],[-118.527246232483,34.0334298372657],[-118.52716623406,34.0334538375632],[-118.527084233635,34.0334928382375],[-118.52701023334,34.0335428378697],[-118.526943232477,34.0336098378785],[-118.526901231901,34.0336708389946],[-118.526870234192,34.0337378378012],[-118.526851233744,34.033814837308],[-118.526822231872,34.0341008382362],[-118.526807231953,34.0344218380136],[-118.526813232323,34.0347428381215],[-118.526840233426,34.0350628387491],[-118.526868233246,34.035274837864],[-118.526915233721,34.0355298377009],[-118.526954233563,34.0356628383234],[-118.527019233881,34.0358178383939],[-118.52708823326,34.0359418386844],[-118.527170232103,34.036059837431],[-118.527369233518,34.0363278388714]]},"properties":{"OBJECTID":132736,"FullName":"W Friends St","Source":"CAMS","SourceID":"12D8CDA9-3CAC-4572-80D5-41FAA0EFC299","UpdateDate":1429331240000}},{"type":"Feature","id":134410,"geometry":{"type":"LineString","coordinates":[[-118.519209231932,34.0360858384279],[-118.520105232394,34.036437839193]]},"properties":{"OBJECTID":134410,"FullName":"Almoloya Dr","Source":"CAMS","SourceID":"899FD57A-9468-4170-9A70-D0492608F51B","UpdateDate":1429331240000}},{"type":"Feature","id":134916,"geometry":{"type":"LineString","coordinates":[[-118.515877232427,34.0431108389614],[-118.516023231573,34.0435108391369],[-118.516044232105,34.0436218388078],[-118.516047232884,34.0437338394803],[-118.516031232712,34.0438448395103],[-118.515996231852,34.0439538399837],[-118.515944231864,34.0440568394157],[-118.515884232158,34.0441418404228],[-118.515823232957,34.0442098399421],[-118.515730230745,34.0442908401795],[-118.51562323231,34.044359839325],[-118.515566232087,34.0443898389036],[-118.51444523156,34.044930839093]]},"properties":{"OBJECTID":134916,"FullName":"Greentree Rd","Source":"CAMS","SourceID":"E03C89FF-EF0A-43B4-8E04-1E6EA0F48CB8","UpdateDate":1429331240000}},{"type":"Feature","id":135089,"geometry":{"type":"LineString","coordinates":[[-118.528931233328,34.0449888386942],[-118.529305234908,34.0450478383064],[-118.529370233331,34.0450608393599],[-118.529472234565,34.0450908389382],[-118.529580234934,34.0451388393051],[-118.529687235522,34.0452078390148],[-118.529769233889,34.045281839177],[-118.529830234581,34.0453568392697],[-118.529889235073,34.0454578394958],[-118.52991723479,34.0455348379239],[-118.529934235382,34.0456248388399],[-118.52993723429,34.0457168386118],[-118.529923234242,34.045813838998]]},"properties":{"OBJECTID":135089,"FullName":"Bowdoin St","Source":"CAMS","SourceID":"3A9869D5-5D9E-4A48-AE87-325D3FF3F863","UpdateDate":1429331240000}},{"type":"Feature","id":137430,"geometry":{"type":"LineString","coordinates":[[-118.521211231791,34.0424278400336],[-118.52189623239,34.0418518395945]]},"properties":{"OBJECTID":137430,"FullName":"Drummond St","Source":"CAMS","SourceID":"92D8CA88-8779-4BB1-B6FD-3DCE0F801F74","UpdateDate":1429331240000}},{"type":"Feature","id":137523,"geometry":{"type":"LineString","coordinates":[[-118.529460235464,34.0428748389794],[-118.528931233328,34.0449888386942]]},"properties":{"OBJECTID":137523,"FullName":"N Haverford Ave","Source":"CAMS","SourceID":"CBA48051-3AA1-4775-9910-72D30A63C2BF","UpdateDate":1429331240000}},{"type":"Feature","id":140142,"geometry":{"type":"LineString","coordinates":[[-118.517868232858,34.0530578416094],[-118.518778234514,34.0535838408283],[-118.51944623371,34.0542748401155],[-118.519589233484,34.0543928413934],[-118.519680232971,34.054454840874]]},"properties":{"OBJECTID":140142,"FullName":"Marinette Rd","Source":"CAMS","SourceID":"A22C4994-5C5B-488E-A2D2-362F0CA8D21D","UpdateDate":1429331240000}},{"type":"Feature","id":140724,"geometry":{"type":"LineString","coordinates":[[-118.518217231892,34.0435428390488],[-118.518730232165,34.0458678393846]]},"properties":{"OBJECTID":140724,"FullName":"Iliff St","Source":"CAMS","SourceID":"D9F27529-E001-4F3E-8ABB-2877940EF7B0","UpdateDate":1429331240000}},{"type":"Feature","id":143949,"geometry":{"type":"LineString","coordinates":[[-118.515889230797,34.0384288384655],[-118.515937231894,34.0383698395234],[-118.516006230816,34.0383668391487],[-118.516112231858,34.038391838329],[-118.51619523167,34.0384228381271]]},"properties":{"OBJECTID":143949,"FullName":null,"Source":"CAMS","SourceID":"BA9D2316-EEB5-421E-BB42-59AFBD2DE476","UpdateDate":1705841266000}},{"type":"Feature","id":144486,"geometry":{"type":"LineString","coordinates":[[-118.525753233198,34.0426528392072],[-118.525797233437,34.0427258381782],[-118.525821233964,34.0427948393539],[-118.525829233274,34.0428438383379],[-118.525871233624,34.043377839087],[-118.52586023352,34.0434848384021],[-118.525834233065,34.0436208397476]]},"properties":{"OBJECTID":144486,"FullName":"Patterson Pl","Source":"CAMS","SourceID":"9BD3AD9D-A475-4DAF-B672-E4F722A44923","UpdateDate":1772073869000}},{"type":"Feature","id":144749,"geometry":{"type":"LineString","coordinates":[[-118.51922423223,34.0433888396092],[-118.519737233571,34.0457138393665]]},"properties":{"OBJECTID":144749,"FullName":"Hartzell St","Source":"CAMS","SourceID":"816E8441-26CC-473B-AC3F-7BF6E3E85055","UpdateDate":1429331240000}},{"type":"Feature","id":145034,"geometry":{"type":"LineString","coordinates":[[-118.52189623239,34.0418518395945],[-118.523412233067,34.0431008384694]]},"properties":{"OBJECTID":145034,"FullName":"Ocampo Dr","Source":"CAMS","SourceID":"E0F30C60-0D98-4DC5-B821-FFC96DE07928","UpdateDate":1429331240000}},{"type":"Feature","id":149047,"geometry":{"type":"LineString","coordinates":[[-118.526876234404,34.0431638393193],[-118.52657723426,34.0443608381115]]},"properties":{"OBJECTID":149047,"FullName":"N Swarthmore Ave","Source":"CAMS","SourceID":"C9A3F398-9867-4578-A0DD-09D2871F29A9","UpdateDate":1429331240000}},{"type":"Feature","id":149647,"geometry":{"type":"LineString","coordinates":[[-118.526903233231,34.0480148394102],[-118.526697234177,34.048836839582]]},"properties":{"OBJECTID":149647,"FullName":"Via De La Paz","Source":"CAMS","SourceID":"94A28802-6136-4C29-8E59-2829110C28B7","UpdateDate":1429331240000}},{"type":"Feature","id":149983,"geometry":{"type":"LineString","coordinates":[[-118.52771423339,34.0447638390534],[-118.527119234184,34.0471508402978]]},"properties":{"OBJECTID":149983,"FullName":"Via De La Paz","Source":"CAMS","SourceID":"931AFAE7-4BB7-49CE-B498-D0B87452BC83","UpdateDate":1775065888000}},{"type":"Feature","id":150174,"geometry":{"type":"LineString","coordinates":[[-118.520467233622,34.0404268398155],[-118.521342233225,34.0400818396948]]},"properties":{"OBJECTID":150174,"FullName":"Pampas Ricas Blvd","Source":"CAMS","SourceID":"4E5EB17C-1700-47A3-A9E5-092D58EA811A","UpdateDate":1429331240000}},{"type":"Feature","id":152582,"geometry":{"type":"LineString","coordinates":[[-118.532513234909,34.0361248386291],[-118.532467233851,34.0361598373165],[-118.532350233317,34.03621783719],[-118.532220233788,34.036296837909],[-118.532076234483,34.03640483779],[-118.531967234743,34.0365028375872],[-118.531868234154,34.0366098383816],[-118.5317652343,34.0367458375892],[-118.531693233735,34.036865837619],[-118.531633234336,34.0369898380841],[-118.531579233952,34.0371448385814],[-118.531519233511,34.0373848382498]]},"properties":{"OBJECTID":152582,"FullName":"N Mount Holyoke Ave","Source":"CAMS","SourceID":"5366C63B-7E10-45DE-A26A-9728EF70CC1C","UpdateDate":1429331240000}},{"type":"Feature","id":153717,"geometry":{"type":"LineString","coordinates":[[-118.517724232162,34.0460218402197],[-118.518121232801,34.0478188395382]]},"properties":{"OBJECTID":153717,"FullName":"Kagawa St","Source":"CAMS","SourceID":"9A65D2CB-51DF-45A6-8412-487101AE0FEC","UpdateDate":1429331240000}},{"type":"Feature","id":154925,"geometry":{"type":"LineString","coordinates":[[-118.528829234281,34.0402988392243],[-118.529459233312,34.0404178384387],[-118.52961423455,34.0404468382407]]},"properties":{"OBJECTID":154925,"FullName":"De Pauw St","Source":"CAMS","SourceID":"6F91A0A5-FCE3-44FC-A84D-C5D1A38077EB","UpdateDate":1429331240000}},{"type":"Feature","id":156842,"geometry":{"type":"LineString","coordinates":[[-118.528931233328,34.0449888386942],[-118.528562234282,34.0464748392997],[-118.528536233991,34.046646838835],[-118.528528234338,34.0467858398623],[-118.528531235117,34.0469248387208],[-118.528541234213,34.0470418391337],[-118.528567234448,34.0471458387247],[-118.528602234349,34.0472228401768],[-118.528629233998,34.0472688393389]]},"properties":{"OBJECTID":156842,"FullName":"N Haverford Ave","Source":"CAMS","SourceID":"B44A364D-C5EA-42C2-A036-8E546C54E853","UpdateDate":1429331240000}},{"type":"Feature","id":158093,"geometry":{"type":"LineString","coordinates":[[-118.51619523167,34.0384228381271],[-118.516241232461,34.0384328396601],[-118.516305231896,34.0384518391003],[-118.516365231457,34.0384628391313],[-118.516428231214,34.0384558388018]]},"properties":{"OBJECTID":158093,"FullName":null,"Source":"CAMS","SourceID":"ADD8E5A6-996A-4A72-BDB4-F245EE8315DB","UpdateDate":1705841266000}},{"type":"Feature","id":158674,"geometry":{"type":"LineString","coordinates":[[-118.525079233162,34.046771839009],[-118.525938235196,34.0469208395183]]},"properties":{"OBJECTID":158674,"FullName":"Antioch St","Source":"CAMS","SourceID":"08AD6437-977B-4E66-87FD-A0F5A62C391A","UpdateDate":1429331240000}},{"type":"Feature","id":160654,"geometry":{"type":"LineString","coordinates":[[-118.520105232394,34.036437839193],[-118.519837231873,34.0367468390723],[-118.519722232641,34.0368998393295],[-118.519616231945,34.0370568396442],[-118.519514231641,34.0372308391957],[-118.519436231336,34.0373798385197],[-118.519345231883,34.0375828381783],[-118.519266231502,34.037790838388],[-118.519201232397,34.0380008392577],[-118.519134231622,34.0382848388852],[-118.519100232266,34.0385008395821],[-118.519092231426,34.0385748389231]]},"properties":{"OBJECTID":160654,"FullName":"Toyopa Dr","Source":"CAMS","SourceID":"5AC2C228-CC26-4031-8FC0-08879FB658DB","UpdateDate":1429331240000}},{"type":"Feature","id":161385,"geometry":{"type":"LineString","coordinates":[[-118.52899023427,34.0503828389331],[-118.529103235425,34.0502628402701]]},"properties":{"OBJECTID":161385,"FullName":null,"Source":"CAMS","SourceID":"97197272-5E98-4602-B016-049751C9212A","UpdateDate":1705841266000}},{"type":"Feature","id":162448,"geometry":{"type":"LineString","coordinates":[[-118.519127233124,34.0476648390763],[-118.520134233794,34.0475108403345]]},"properties":{"OBJECTID":162448,"FullName":"Bashford St","Source":"CAMS","SourceID":"7D5FD2F0-9C78-4031-B5E3-514257972E6C","UpdateDate":1429331240000}},{"type":"Feature","id":162495,"geometry":{"type":"LineString","coordinates":[[-118.528241234743,34.0426528394741],[-118.52771423339,34.0447638390534]]},"properties":{"OBJECTID":162495,"FullName":"Via De La Paz","Source":"CAMS","SourceID":"C39F0E59-19AD-40C2-B466-4784216E4AAD","UpdateDate":1775066182000}},{"type":"Feature","id":165963,"geometry":{"type":"LineString","coordinates":[[-118.517496231914,34.0450628389939],[-118.516929231938,34.0457178393911]]},"properties":{"OBJECTID":165963,"FullName":"Chautauqua Blvd","Source":"CAMS","SourceID":"BDAAB1C0-F2D3-466C-92AA-99EEF21E0CA7","UpdateDate":1429331240000}},{"type":"Feature","id":166019,"geometry":{"type":"LineString","coordinates":[[-118.519737233571,34.0457138393665],[-118.520744233487,34.0455598390562]]},"properties":{"OBJECTID":166019,"FullName":"Carey St","Source":"CAMS","SourceID":"8BD37F9A-C6C0-450C-A195-5D9B823343EB","UpdateDate":1429331240000}},{"type":"Feature","id":166322,"geometry":{"type":"LineString","coordinates":[[-118.52989823523,34.0459088384508],[-118.530482234741,34.046228839736]]},"properties":{"OBJECTID":166322,"FullName":"Bowdoin St","Source":"CAMS","SourceID":"333F1B37-E867-48BF-822D-4E9736122041","UpdateDate":1429331240000}},{"type":"Feature","id":166886,"geometry":{"type":"LineString","coordinates":[[-118.527180233077,34.0378058387004],[-118.527235232532,34.0373888386663],[-118.527164232755,34.0371768380333],[-118.526855233695,34.0371258379999],[-118.526610232157,34.0370798383807],[-118.52627323406,34.0370698383619]]},"properties":{"OBJECTID":166886,"FullName":null,"Source":"CAMS","SourceID":"0B9135EB-1CA9-4654-ABF1-C0186FE2E0BB","UpdateDate":1705841266000}},{"type":"Feature","id":169128,"geometry":{"type":"LineString","coordinates":[[-118.5230802326,34.0414328394859],[-118.523048234218,34.0416468384953],[-118.523030232778,34.0419018392697],[-118.523031232796,34.0420928395178],[-118.523050232426,34.0423478386908],[-118.523076233542,34.0425288398558],[-118.523109233628,34.0426458383813],[-118.523165233663,34.0427788387378],[-118.523229232478,34.0428868398892],[-118.523320233177,34.0430058390615],[-118.523412233067,34.0431008384694]]},"properties":{"OBJECTID":169128,"FullName":"Alma Real Dr","Source":"CAMS","SourceID":"F8C87701-744F-4126-8D45-0094372EB78C","UpdateDate":1429331240000}},{"type":"Feature","id":169268,"geometry":{"type":"LineString","coordinates":[[-118.520534232141,34.0493218399323],[-118.52098023457,34.0513418403962]]},"properties":{"OBJECTID":169268,"FullName":"Hartzell St","Source":"CAMS","SourceID":"81ECE31E-A0F2-425A-A9B9-4587FF85EF8A","UpdateDate":1429331240000}},{"type":"Feature","id":169925,"geometry":{"type":"LineString","coordinates":[[-118.53038223437,34.0391388378698],[-118.530178234965,34.0392998381647],[-118.530082234078,34.0393928387349],[-118.529998233965,34.0394938381993],[-118.529918233353,34.0396188379607],[-118.529856234152,34.03975183827],[-118.529819233201,34.0398678385195],[-118.529675233492,34.0404588388162]]},"properties":{"OBJECTID":169925,"FullName":"N Mount Holyoke Ave","Source":"CAMS","SourceID":"1318180D-CF5F-4D2D-AFFD-181B804EDA2E","UpdateDate":1429331240000}},{"type":"Feature","id":169941,"geometry":{"type":"LineString","coordinates":[[-118.529914234723,34.0359518384254],[-118.530109233392,34.0359548383085],[-118.530293233888,34.0359458380132],[-118.53047523364,34.0359268373401],[-118.530701233611,34.035887837084],[-118.530922232982,34.0358318382353],[-118.530993233421,34.0358098385764]]},"properties":{"OBJECTID":169941,"FullName":"Via De Las Olas","Source":"CAMS","SourceID":"C5361F0D-9A09-4B56-9E6D-562E18A2F151","UpdateDate":1429331240000}},{"type":"Feature","id":172048,"geometry":{"type":"LineString","coordinates":[[-118.521750233369,34.0454058391619],[-118.522757232477,34.0452518391673],[-118.522760233024,34.0452668395101]]},"properties":{"OBJECTID":172048,"FullName":"Carey St","Source":"CAMS","SourceID":"9CA68A13-CA34-4B7E-A6D4-8CC9BE7B3FE0","UpdateDate":1429331240000}},{"type":"Feature","id":172182,"geometry":{"type":"LineString","coordinates":[[-118.534226234159,34.037307837909],[-118.534150233764,34.0374028375972],[-118.534044234472,34.0375508380024],[-118.533918234096,34.0377558382394],[-118.533810233782,34.037967838554],[-118.533720234833,34.0381858373795],[-118.533648235465,34.0384078378547],[-118.533472234213,34.0391478382791],[-118.533403234198,34.0393698379823],[-118.533315234946,34.0395888392037],[-118.533209235278,34.039800838261],[-118.533118234716,34.0399558378814],[-118.532608233828,34.0407728386736],[-118.532498234865,34.0409838387111],[-118.5324052339,34.0412008373714],[-118.532331234707,34.0414228386745],[-118.532288235073,34.0415908380982],[-118.532159233916,34.0421508390254],[-118.532095234081,34.0423608380979],[-118.5319902339,34.0426348395716],[-118.531487233604,34.0437458383],[-118.531379234246,34.0440188391156],[-118.531288235595,34.0442968379983],[-118.53104223528,34.0452268394798],[-118.530951234344,34.0454968396652],[-118.530878235241,34.0456588382328],[-118.530792233798,34.0458158398805],[-118.530667233575,34.0460048399138],[-118.530581235653,34.0461138389173],[-118.530482234741,34.046228839736]]},"properties":{"OBJECTID":172182,"FullName":"Temescal Canyon Rd","Source":"CAMS","SourceID":"D2C15AD9-ACDD-4636-827E-C73204764410","UpdateDate":1429331240000}},{"type":"Feature","id":173123,"geometry":{"type":"LineString","coordinates":[[-118.520744233487,34.0455598390562],[-118.521141232963,34.0473568394975]]},"properties":{"OBJECTID":173123,"FullName":"Galloway St","Source":"CAMS","SourceID":"097EF54F-687A-4DB2-AB85-B888F82F5E71","UpdateDate":1429331240000}},{"type":"Feature","id":173418,"geometry":{"type":"LineString","coordinates":[[-118.520397233227,34.0403028391515],[-118.521271233333,34.0399578384417]]},"properties":{"OBJECTID":173418,"FullName":"W Pampas Ricas Blvd","Source":"CAMS","SourceID":"22D246C7-F06D-4BB8-AC4A-D296793A504D","UpdateDate":1429331240000}},{"type":"Feature","id":174027,"geometry":{"type":"LineString","coordinates":[[-118.530482234741,34.046228839736],[-118.530568234031,34.0462228380949],[-118.531365235596,34.04668683959],[-118.531465234951,34.0467308400074],[-118.531571235257,34.0467618389664],[-118.531668235274,34.0467798384917],[-118.531794234133,34.0467878392743],[-118.531921233976,34.0467788396893],[-118.532044234186,34.0467538399368],[-118.532161234311,34.0467128389278],[-118.532269235238,34.0466568397902],[-118.532365235533,34.0465878391679],[-118.532455235219,34.0464978392185],[-118.532513235177,34.0464168388523],[-118.532561234371,34.0463188389565],[-118.533015235298,34.0449568396812],[-118.533084234496,34.0449048389973]]},"properties":{"OBJECTID":174027,"FullName":"Bowdoin St","Source":"CAMS","SourceID":"E40FFB7D-4A3E-4A47-8891-CD0A33BA6822","UpdateDate":1429331240000}},{"type":"Feature","id":175141,"geometry":{"type":"LineString","coordinates":[[-118.525117234466,34.0455998384478],[-118.525265234895,34.0455628383649],[-118.525451232916,34.0455318401902],[-118.525639232869,34.0455178387511],[-118.525797233231,34.0455178387371],[-118.525985234337,34.0455338399848],[-118.526273233661,34.0455798393257]]},"properties":{"OBJECTID":175141,"FullName":"La Cruz Dr","Source":"CAMS","SourceID":"336188E9-8164-494F-812B-B1CC8B71194D","UpdateDate":1429331240000}},{"type":"Feature","id":177475,"geometry":{"type":"LineString","coordinates":[[-118.521342233225,34.0400818396948],[-118.522112232544,34.0397788392206]]},"properties":{"OBJECTID":177475,"FullName":"Pampas Ricas Blvd","Source":"CAMS","SourceID":"CDF2313A-83EA-4073-9193-51587EDA0D04","UpdateDate":1429331240000}},{"type":"Feature","id":177795,"geometry":{"type":"LineString","coordinates":[[-118.518835233167,34.0416318391523],[-118.51922423223,34.0433888396092]]},"properties":{"OBJECTID":177795,"FullName":"Hartzell St","Source":"CAMS","SourceID":"7B1CE9D9-4143-4BC4-A518-C9B8C9446424","UpdateDate":1429331240000}},{"type":"Feature","id":180728,"geometry":{"type":"LineString","coordinates":[[-118.530607234822,34.0430738396355],[-118.529923234242,34.045813838998]]},"properties":{"OBJECTID":180728,"FullName":"Radcliffe Ave","Source":"CAMS","SourceID":"0D82770C-A837-4AE8-B86B-4BD04FBDBD72","UpdateDate":1429331240000}},{"type":"Feature","id":181063,"geometry":{"type":"LineString","coordinates":[[-118.523477234003,34.044243839106],[-118.523581233376,34.0442788385262],[-118.523689233579,34.0442998385339],[-118.523799233529,34.0443098391058],[-118.523909233565,34.0443058386728],[-118.524018233789,34.0442888386764],[-118.524123233982,34.0442598393273],[-118.524234233589,34.0442138387579],[-118.524324233023,34.0441608395708],[-118.524513233678,34.0440068400044]]},"properties":{"OBJECTID":181063,"FullName":"Toyopa Dr","Source":"CAMS","SourceID":"919B3CC7-3ACE-4211-A9FF-929D1BFAD330","UpdateDate":1429331240000}},{"type":"Feature","id":181638,"geometry":{"type":"LineString","coordinates":[[-118.518521233421,34.0496298402314],[-118.518913233005,34.05140484059]]},"properties":{"OBJECTID":181638,"FullName":"Kagawa St","Source":"CAMS","SourceID":"876FF1B3-18BB-4BBA-BB68-B295FC296007","UpdateDate":1429331240000}},{"type":"Feature","id":183313,"geometry":{"type":"LineString","coordinates":[[-118.523003232364,34.0450628390633],[-118.523971232967,34.0458598386947]]},"properties":{"OBJECTID":183313,"FullName":"W Sunset Blvd","Source":"CAMS","SourceID":"120A90BF-FE4F-4DAF-9667-7800C169F2C7","UpdateDate":1429331240000}},{"type":"Feature","id":184007,"geometry":{"type":"LineString","coordinates":[[-118.52961423455,34.0404468382407],[-118.529675233492,34.0404588388162]]},"properties":{"OBJECTID":184007,"FullName":"De Pauw St","Source":"CAMS","SourceID":"E3D59B19-61BE-4724-9FE3-91157BD90FB6","UpdateDate":1429331240000}},{"type":"Feature","id":184711,"geometry":{"type":"LineString","coordinates":[[-118.521750233369,34.0454058391619],[-118.522147233165,34.0472028399769]]},"properties":{"OBJECTID":184711,"FullName":"Fiske St","Source":"CAMS","SourceID":"60C0DD91-9F40-4B09-99F9-F81A2943DE9F","UpdateDate":1429331240000}},{"type":"Feature","id":184977,"geometry":{"type":"LineString","coordinates":[[-118.530323234332,34.0409058382659],[-118.530526233437,34.04112283866],[-118.530608234365,34.0412288392546],[-118.53069223432,34.0413648387486],[-118.530749234484,34.0414828386315],[-118.530800234056,34.0416288387349],[-118.530833235196,34.0417788387412],[-118.530846233521,34.0419308379452],[-118.530843233622,34.0420578383759],[-118.530822233942,34.0422098382927],[-118.530607234822,34.0430738396355]]},"properties":{"OBJECTID":184977,"FullName":"Radcliffe Ave","Source":"CAMS","SourceID":"0817C885-5BA3-4A87-B1A7-C9A7BE2AA9E8","UpdateDate":1429331240000}},{"type":"Feature","id":185859,"geometry":{"type":"LineString","coordinates":[[-118.52137923198,34.0437258394577],[-118.523003232364,34.0450628390633]]},"properties":{"OBJECTID":185859,"FullName":"W Sunset Blvd","Source":"CAMS","SourceID":"2A90DA7D-AB1D-4514-AC43-14D02D18DC7B","UpdateDate":1429331240000}},{"type":"Feature","id":189979,"geometry":{"type":"LineString","coordinates":[[-118.514976231429,34.0455678397434],[-118.516409233072,34.044737839479],[-118.516515232158,34.0446608400473],[-118.516609232665,34.0445728398909],[-118.516690232923,34.0444768391379],[-118.516755230862,34.0443728398438],[-118.516805231978,34.0442628391476],[-118.516839232831,34.0441488400749],[-118.516855231745,34.0440318392943],[-118.516855232493,34.0439148402777],[-118.516800231794,34.0433638396594],[-118.516807231047,34.043249839864],[-118.516833232095,34.0431168399449],[-118.516857232239,34.0430428389773],[-118.516992232107,34.0426818393306],[-118.517174232432,34.0419448389875],[-118.517213232866,34.0418518386818],[-118.517273232168,34.0417518390134],[-118.517350231824,34.0416588399499],[-118.517454231687,34.0415668403348],[-118.517506232181,34.0415308390073]]},"properties":{"OBJECTID":189979,"FullName":"W Sunset Blvd","Source":"CAMS","SourceID":"273F957E-048C-4220-BC7C-2E75C8CD3CFF","UpdateDate":1429331240000}},{"type":"Feature","id":190204,"geometry":{"type":"LineString","coordinates":[[-118.526697234177,34.048836839582],[-118.526627233994,34.0491198397415]]},"properties":{"OBJECTID":190204,"FullName":"Via De La Paz","Source":"CAMS","SourceID":"CEE29527-C778-4A20-8D2A-46455746A5FD","UpdateDate":1775065750000}},{"type":"Feature","id":191208,"geometry":{"type":"LineString","coordinates":[[-118.526379233585,34.0426958379549],[-118.526279233758,34.0429708394381],[-118.526283232908,34.0430088390181],[-118.526304232641,34.0430428391968],[-118.526338233635,34.043066838722],[-118.526370234017,34.0430768388413],[-118.526876234404,34.0431638393193]]},"properties":{"OBJECTID":191208,"FullName":"Hampden Pl","Source":"CAMS","SourceID":"7F3DF400-5408-4347-B42B-9D1D4E08EFDA","UpdateDate":1429331240000}},{"type":"Feature","id":194579,"geometry":{"type":"LineString","coordinates":[[-118.524794234374,34.0527128404487],[-118.52473823417,34.0529838404958],[-118.524709234098,34.0530578395653],[-118.524656233565,34.0531438405199],[-118.524593234145,34.0532128403778],[-118.524518234341,34.053273839773],[-118.5244382347,34.0533208400894],[-118.524343234045,34.053356839989],[-118.5233732329,34.0535648398927],[-118.52331823309,34.05358983993],[-118.523269234105,34.0536268404791],[-118.523232234054,34.0536768397085],[-118.523214233418,34.0537258406478],[-118.523212234654,34.0537848397498],[-118.523226233566,34.0538358414011],[-118.523257235156,34.0538838402791],[-118.523302233668,34.0539248402486],[-118.523366234514,34.0539578405297],[-118.523432234067,34.0539718402799],[-118.524387234163,34.0540728401696],[-118.524497235099,34.0540688401523],[-118.524614233942,34.0540468401458],[-118.524704234599,34.0540148393525],[-118.524723234839,34.0540058405696],[-118.525385233913,34.0535708408307],[-118.52547323432,34.0535338401105],[-118.52554823429,34.0535098402104],[-118.52562423395,34.0535058401774]]},"properties":{"OBJECTID":194579,"FullName":"Monument St","Source":"CAMS","SourceID":"722CA22B-ADE7-47FA-8486-CD392A29A37E","UpdateDate":1429331240000}},{"type":"Feature","id":194613,"geometry":{"type":"LineString","coordinates":[[-118.521158233748,34.0523648398051],[-118.521371234955,34.0527078405741],[-118.52142923401,34.0527678400429],[-118.521499234611,34.0528178409721],[-118.521587233968,34.0528578399767],[-118.521667233901,34.0528798399788],[-118.521759233668,34.0528898399796],[-118.521828234635,34.0528868408254],[-118.521994232688,34.0528738408392],[-118.522062233484,34.0528808403417],[-118.522134233949,34.052905840682],[-118.522318233205,34.0530208405355],[-118.522529233651,34.0531378409992],[-118.522585233888,34.0531698413392],[-118.522618234087,34.0532058403504],[-118.522636234701,34.0532438398743],[-118.522640233599,34.0532868404302],[-118.522619233937,34.0534458402838],[-118.522558234501,34.0545458410276]]},"properties":{"OBJECTID":194613,"FullName":"Goucher St","Source":"CAMS","SourceID":"75E92D1C-3471-48EB-B003-8EC806C95BBA","UpdateDate":1429331240000}},{"type":"Feature","id":194700,"geometry":{"type":"LineString","coordinates":[[-118.524491234082,34.0482128402047],[-118.524599232738,34.0486998388677]]},"properties":{"OBJECTID":194700,"FullName":"Monument St","Source":"CAMS","SourceID":"09F07BBC-48BD-4B4E-8BE6-9EF2CD1DEB00","UpdateDate":1429331240000}},{"type":"Feature","id":197003,"geometry":{"type":"LineString","coordinates":[[-118.518121232801,34.0478188395382],[-118.518521233421,34.0496298402314]]},"properties":{"OBJECTID":197003,"FullName":"Kagawa St","Source":"CAMS","SourceID":"ABD10F73-4EFE-4951-A98D-D08F73759166","UpdateDate":1429331240000}},{"type":"Feature","id":198040,"geometry":{"type":"LineString","coordinates":[[-118.51824423261,34.0520108405604],[-118.519187233625,34.0518668404417],[-118.519499233277,34.051829840071],[-118.519812233787,34.0518068409008],[-118.520084234374,34.0517948404818]]},"properties":{"OBJECTID":198040,"FullName":"Whitfield Ave","Source":"CAMS","SourceID":"EBFD0E0C-4CF7-4B12-A34A-D9CE60E8D74A","UpdateDate":1429331240000}},{"type":"Feature","id":198345,"geometry":{"type":"LineString","coordinates":[[-118.520436232309,34.0360618379863],[-118.521129232216,34.0357378388619],[-118.521294232161,34.0356738385564],[-118.521506231188,34.0356078391635],[-118.52172523201,34.0355578394016],[-118.521948231863,34.0355238377893],[-118.52212823272,34.0355078379299],[-118.522355231598,34.0355028379019],[-118.522536232273,34.0355108383808],[-118.522898232402,34.0355408376246]]},"properties":{"OBJECTID":198345,"FullName":"Alva Dr","Source":"CAMS","SourceID":"4530F009-DFA5-40B0-BB21-13A1AB1D3B5E","UpdateDate":1429331240000}},{"type":"Feature","id":199088,"geometry":{"type":"LineString","coordinates":[[-118.52982323404,34.0363178380544],[-118.529638233262,34.0370598375257]]},"properties":{"OBJECTID":199088,"FullName":"Via De La Paz","Source":"CAMS","SourceID":"7B172C4B-6D89-4751-A6D7-A4A082C45FA3","UpdateDate":1429331240000}},{"type":"Feature","id":199674,"geometry":{"type":"LineString","coordinates":[[-118.524778233721,34.051223839695],[-118.524909233804,34.0515498395428],[-118.524937234671,34.051653840244],[-118.524952234635,34.0517598402737],[-118.524953234397,34.0518658407596],[-118.524944233522,34.0519538404032]]},"properties":{"OBJECTID":199674,"FullName":"Monument St","Source":"CAMS","SourceID":"940F6905-B8BB-41A6-B140-075183901C5E","UpdateDate":1429331240000}},{"type":"Feature","id":201025,"geometry":{"type":"LineString","coordinates":[[-118.52899023427,34.0503828389331],[-118.528961234066,34.0505638391825],[-118.528937234858,34.0508708392574]]},"properties":{"OBJECTID":201025,"FullName":"Temescal Canyon Rd","Source":"CAMS","SourceID":"976F7D0F-6B43-44A2-83F2-FF6D1D6FE871","UpdateDate":1429331240000}},{"type":"Feature","id":201609,"geometry":{"type":"LineString","coordinates":[[-118.522093233121,34.0381158390307],[-118.522482232786,34.0384458379086]]},"properties":{"OBJECTID":201609,"FullName":"Almoloya Dr","Source":"CAMS","SourceID":"CB9E35B0-F699-4E8B-9604-D9AE890F0B6D","UpdateDate":1429331240000}},{"type":"Feature","id":202522,"geometry":{"type":"LineString","coordinates":[[-118.529923234242,34.045813838998],[-118.52989823523,34.0459088384508]]},"properties":{"OBJECTID":202522,"FullName":null,"Source":"CAMS","SourceID":"4DD2E37B-9C1D-440E-B6E5-C0B4CFD1EF15","UpdateDate":1429331240000}},{"type":"Feature","id":207017,"geometry":{"type":"LineString","coordinates":[[-118.52989823523,34.0459088384508],[-118.529845233851,34.0460658388443],[-118.529768235478,34.0462358392183],[-118.529694233424,34.0463678391269],[-118.529587235077,34.0465268396698],[-118.529463234114,34.0466768388702],[-118.52935223557,34.0467898385554],[-118.529233234083,34.0468968392084],[-118.529072235516,34.0470198385651],[-118.528934235393,34.0471098397886],[-118.528629233998,34.0472688393389]]},"properties":{"OBJECTID":207017,"FullName":"Radcliffe Ave","Source":"CAMS","SourceID":"F0D5CC9E-58D9-4ED7-945B-38BBD16DB1CE","UpdateDate":1429331240000}},{"type":"Feature","id":207922,"geometry":{"type":"LineString","coordinates":[[-118.528853233971,34.0479838387479],[-118.52880123398,34.0481978386509],[-118.528798234529,34.0483158398855],[-118.528812234416,34.0484178391775],[-118.528840234381,34.048517838847],[-118.528890235298,34.0486268395892],[-118.529051235523,34.0488718399539]]},"properties":{"OBJECTID":207922,"FullName":"Haverford Ave","Source":"CAMS","SourceID":"D2EA7376-06FF-4E28-985A-2212483DD255","UpdateDate":1429331240000}},{"type":"Feature","id":209089,"geometry":{"type":"LineString","coordinates":[[-118.518121232801,34.0478188395382],[-118.519127233124,34.0476648390763]]},"properties":{"OBJECTID":209089,"FullName":"Bashford St","Source":"CAMS","SourceID":"12F89F1D-F678-4108-AF0B-2D7EE016F1BE","UpdateDate":1429331240000}},{"type":"Feature","id":211227,"geometry":{"type":"LineString","coordinates":[[-118.522060233855,34.0515218403906],[-118.522295232726,34.051558839451],[-118.522569233399,34.0515868396101],[-118.522846233036,34.0515988400654],[-118.523118234432,34.0515968407947]]},"properties":{"OBJECTID":211227,"FullName":"Bestor Blvd","Source":"CAMS","SourceID":"6CCB2027-9868-43B0-AFDC-0B34744FB8DF","UpdateDate":1429331240000}},{"type":"Feature","id":211469,"geometry":{"type":"LineString","coordinates":[[-118.526731233418,34.0377278389954],[-118.527180233077,34.0378058387004]]},"properties":{"OBJECTID":211469,"FullName":"W Earlham St","Source":"CAMS","SourceID":"5442B603-6D43-466B-8E38-85207E5A207D","UpdateDate":1429331240000}},{"type":"Feature","id":214254,"geometry":{"type":"LineString","coordinates":[[-118.519092231426,34.0385748389231],[-118.519076232724,34.0387898390503],[-118.519073231882,34.0390068388085],[-118.519085231951,34.0392238380888],[-118.519110232068,34.0394398384705],[-118.519148232321,34.0396548381428],[-118.51920023268,34.0398678392978],[-118.519265232581,34.0400788390086],[-118.519344232277,34.0402858387483],[-118.519435231639,34.0404888389804],[-118.519513232593,34.0406508389952]]},"properties":{"OBJECTID":214254,"FullName":"Toyopa Dr","Source":"CAMS","SourceID":"A2A13731-AFCA-4CBF-898F-B02633DA84A6","UpdateDate":1429331240000}},{"type":"Feature","id":215016,"geometry":{"type":"LineString","coordinates":[[-118.523971232967,34.0458598386947],[-118.524199233778,34.046888839804]]},"properties":{"OBJECTID":215016,"FullName":"Monument St","Source":"CAMS","SourceID":"AAF7D42B-85C3-4032-ACA8-D3737E44026C","UpdateDate":1429331240000}},{"type":"Feature","id":215558,"geometry":{"type":"LineString","coordinates":[[-118.520084234374,34.0517948404818],[-118.520495233779,34.0518038395069],[-118.520704233417,34.0518148397308],[-118.521017234342,34.0518448407406],[-118.521327232887,34.0518878405773],[-118.521635234315,34.0519438394302],[-118.521968233373,34.0520118407358],[-118.522203234916,34.0520478392615],[-118.522518232943,34.052079840889],[-118.522661234173,34.0520868409662],[-118.522751234199,34.0520778408032],[-118.522831233597,34.0520568402041],[-118.522911234277,34.0520218404405],[-118.522982233141,34.0519738397404],[-118.523036233543,34.0519218403688],[-118.523082234243,34.0518558395552],[-118.523110233408,34.0517908398808],[-118.523125233399,34.05171584074],[-118.523118234432,34.0515968407947]]},"properties":{"OBJECTID":215558,"FullName":"Whitfield Ave","Source":"CAMS","SourceID":"28178F0F-D10E-4BC5-99A0-D8B90301C17D","UpdateDate":1429331240000}},{"type":"Feature","id":217701,"geometry":{"type":"LineString","coordinates":[[-118.526495233575,34.0446898392355],[-118.526817234395,34.0446788397367],[-118.527078234031,34.0446858398474],[-118.527337234774,34.044707838921],[-118.52752923308,34.0447338382073],[-118.52771423339,34.0447638390534]]},"properties":{"OBJECTID":217701,"FullName":"Bowdoin St","Source":"CAMS","SourceID":"A8CA58A7-CC1F-4F4B-911F-529A533DFC4E","UpdateDate":1429331240000}},{"type":"Feature","id":218666,"geometry":{"type":"LineString","coordinates":[[-118.522041232851,34.0396548384176],[-118.522721232059,34.0393858397123],[-118.522864233277,34.0394058387413]]},"properties":{"OBJECTID":218666,"FullName":"W Pampas Ricas Blvd","Source":"CAMS","SourceID":"2AC46547-2008-4027-9D29-4118E138F11C","UpdateDate":1429331240000}},{"type":"Feature","id":219499,"geometry":{"type":"LineString","coordinates":[[-118.525293232557,34.0364728380836],[-118.525213232795,34.0365068387546],[-118.525142232961,34.0365508379628],[-118.525080232425,34.0366028388182],[-118.52501923291,34.036676838248],[-118.524983232791,34.0367438384878],[-118.524957234094,34.0368218390846],[-118.524949233288,34.0369098388283],[-118.52495523194,34.0369998386234],[-118.524979232369,34.0371168387718],[-118.52502023194,34.0372218385402],[-118.525073233893,34.0373158387127],[-118.526237232957,34.0389908378323]]},"properties":{"OBJECTID":219499,"FullName":"De Pauw St","Source":"CAMS","SourceID":"49454286-B542-4648-9CF2-DAA80278D792","UpdateDate":1775067464000}},{"type":"Feature","id":220062,"geometry":{"type":"LineString","coordinates":[[-118.523971232967,34.0458598386947],[-118.524267234481,34.0461028395184]]},"properties":{"OBJECTID":220062,"FullName":"W Sunset Blvd","Source":"CAMS","SourceID":"0FD6E4B3-D5AB-4A88-9191-3BECFEEE003C","UpdateDate":1429331240000}},{"type":"Feature","id":220111,"geometry":{"type":"LineString","coordinates":[[-118.52098023457,34.0513418403962],[-118.521327234286,34.051384840161],[-118.521666234138,34.0514418401381],[-118.522060233855,34.0515218403906]]},"properties":{"OBJECTID":220111,"FullName":"Bestor Blvd","Source":"CAMS","SourceID":"012FC810-7C0C-44DB-8B0B-788938E4B2C9","UpdateDate":1429331240000}},{"type":"Feature","id":220671,"geometry":{"type":"LineString","coordinates":[[-118.530993233421,34.0358098385764],[-118.531309234658,34.0357058388338],[-118.531436234732,34.0356768372391],[-118.531587234774,34.0356568380955],[-118.531719234091,34.0356528382151],[-118.531850234484,34.035659837763],[-118.531997234784,34.0356818377016],[-118.532169234357,34.03572383701],[-118.532309232948,34.0357688377488],[-118.532426234681,34.0358178370934],[-118.532507233652,34.0358728388964],[-118.532541234497,34.035913837889],[-118.532563234834,34.0359698382282]]},"properties":{"OBJECTID":220671,"FullName":"Via De Las Olas","Source":"CAMS","SourceID":"301CFB8B-26E5-461D-BF19-07F99D1AF836","UpdateDate":1429331240000}},{"type":"Feature","id":220698,"geometry":{"type":"LineString","coordinates":[[-118.535698235899,34.0489068387836],[-118.535412236334,34.0493858395494],[-118.53533423511,34.0494858388936],[-118.535242234746,34.0495768388586],[-118.535121235715,34.0496688390495],[-118.535004236571,34.0497368395317],[-118.534934234715,34.0497698394879],[-118.533705236429,34.0503008401042],[-118.5335622343,34.0503448397116],[-118.533433235569,34.0503688397356],[-118.533300235289,34.0503798399581],[-118.533186234934,34.0503788386883],[-118.533035235085,34.050361838728],[-118.532889234997,34.0503268389083],[-118.532767235259,34.0502828393379],[-118.532668234302,34.0502358388466],[-118.532561236195,34.0501708400407],[-118.532451234695,34.0500828389715],[-118.532390233887,34.0500218392718],[-118.532143235002,34.0497518385368]]},"properties":{"OBJECTID":220698,"FullName":"Muskingum Ave","Source":"CAMS","SourceID":"F08595EF-8136-41B3-B5B8-E18B09743DD5","UpdateDate":1429331240000}},{"type":"Feature","id":223668,"geometry":{"type":"LineString","coordinates":[[-118.519604231631,34.0340148376049],[-118.519644232653,34.034501837958],[-118.519645231944,34.0347058383162],[-118.519629231275,34.0349088381102],[-118.519596231905,34.0351098393242],[-118.519546231526,34.0353088383474],[-118.519479230625,34.0355038391495],[-118.51941923107,34.0356478386042],[-118.519209231932,34.0360858384279]]},"properties":{"OBJECTID":223668,"FullName":"Chautauqua Blvd","Source":"CAMS","SourceID":"0305EB26-5330-4CC3-9DFA-F65E5538CC76","UpdateDate":1429331240000}},{"type":"Feature","id":225203,"geometry":{"type":"LineString","coordinates":[[-118.518730232165,34.0458678393846],[-118.519737233571,34.0457138393665]]},"properties":{"OBJECTID":225203,"FullName":"Carey St","Source":"CAMS","SourceID":"4BE7D63B-04B7-4F64-A579-34133027AB0A","UpdateDate":1429331240000}},{"type":"Feature","id":225489,"geometry":{"type":"LineString","coordinates":[[-118.526903233231,34.0480148394102],[-118.527373233636,34.0480978398406],[-118.527537233568,34.0481428387635],[-118.527669235191,34.0481908387795],[-118.527820235279,34.0482598399182],[-118.527962233812,34.0483428396652],[-118.528113234163,34.0484538404654],[-118.528228235655,34.0485608388521],[-118.528330234674,34.0486768390964],[-118.528416234342,34.0488018399206],[-118.528465233791,34.0488888395394],[-118.528612234564,34.0491698398302],[-118.528695233949,34.0492888394252],[-118.528774233905,34.0493828387512],[-118.528883234752,34.0494858392322],[-118.529003233937,34.0495798391471],[-118.529099233629,34.0496418402709],[-118.529238234654,34.0497118397495]]},"properties":{"OBJECTID":225489,"FullName":"Sunset Blvd","Source":"CAMS","SourceID":"8BFCA006-47C3-40FC-A2ED-FEE817445B74","UpdateDate":1429331240000}},{"type":"Feature","id":225631,"geometry":{"type":"LineString","coordinates":[[-118.531239233113,34.0385068380384],[-118.531324233636,34.0385148384214],[-118.53138323325,34.0385278377175],[-118.531502235027,34.0385708384482],[-118.531589234495,34.0386178376498],[-118.531673232968,34.0386818377097],[-118.531743235051,34.0387578384381],[-118.531796234922,34.0388428392521],[-118.531826234946,34.0389158381862],[-118.531843234791,34.039000838872],[-118.531844233836,34.0390578388058]]},"properties":{"OBJECTID":225631,"FullName":"Radcliffe Ave","Source":"CAMS","SourceID":"B2B7C5F4-E1E1-4E78-B6CC-C949582DC6A2","UpdateDate":1429331240000}},{"type":"Feature","id":225759,"geometry":{"type":"LineString","coordinates":[[-118.520084234374,34.0517948404818],[-118.520225233875,34.0519888403496],[-118.520314234314,34.0520728401002],[-118.520409233852,34.0521428400729],[-118.520513232646,34.0522028400736],[-118.520642232283,34.0522578404484],[-118.520764232809,34.0522938402727],[-118.520929233569,34.0523278396928],[-118.521158233748,34.0523648398051]]},"properties":{"OBJECTID":225759,"FullName":"Mc Kendree Ave","Source":"CAMS","SourceID":"0F3580C3-5DB9-4BFE-B1CD-C6BB11666813","UpdateDate":1429331240000}},{"type":"Feature","id":225979,"geometry":{"type":"LineString","coordinates":[[-118.527739234298,34.0401108384105],[-118.528829234281,34.0402988392243]]},"properties":{"OBJECTID":225979,"FullName":"De Pauw St","Source":"CAMS","SourceID":"21E54800-208C-41D6-A86C-AA5B67897CAE","UpdateDate":1429331240000}},{"type":"Feature","id":226126,"geometry":{"type":"LineString","coordinates":[[-118.526903233231,34.0480148394102],[-118.527373233636,34.0480978398406],[-118.527537233568,34.0481428387635],[-118.527669235191,34.0481908387795],[-118.527820235279,34.0482598399182],[-118.527962233812,34.0483428396652],[-118.528113234163,34.0484538404654],[-118.528228235655,34.0485608388521],[-118.528330234674,34.0486768390964],[-118.528416234342,34.0488018399206],[-118.528465233791,34.0488888395394],[-118.528612234564,34.0491698398302],[-118.528695233949,34.0492888394252],[-118.528774233905,34.0493828387512],[-118.528883234752,34.0494858392322],[-118.529003233937,34.0495798391471],[-118.529099233629,34.0496418402709],[-118.529238234654,34.0497118397495],[-118.529309234062,34.0497478389775]]},"properties":{"OBJECTID":226126,"FullName":"W Sunset Blvd","Source":"CAMS","SourceID":"5ED28F41-A910-49BA-B765-83223ECF8FC3","UpdateDate":1429331240000}},{"type":"Feature","id":231958,"geometry":{"type":"LineString","coordinates":[[-118.528833234401,34.0427538377483],[-118.528866234067,34.0426568381343],[-118.528884234968,34.0426048378332],[-118.52889923384,34.0425588396053],[-118.528910234449,34.042505838602],[-118.528931234127,34.0424658390724],[-118.528948234089,34.0424148384461],[-118.528964233004,34.0423658382109],[-118.528971233716,34.0423088383669],[-118.52898623354,34.0422568394781],[-118.529000233911,34.0422038379466],[-118.529014234453,34.0421498384088],[-118.529029234747,34.0420948391898],[-118.5290452346,34.042039838294],[-118.529058233682,34.0419838390171],[-118.52907123344,34.0419238387042],[-118.529082234032,34.041869837879],[-118.529094233122,34.0418158380868],[-118.529106234368,34.0417618391857],[-118.529145233493,34.0416558392848],[-118.529163234005,34.0416038389449],[-118.529178233921,34.0415498386152],[-118.529187233511,34.0414808395263],[-118.529198233145,34.0414128377893],[-118.529212233561,34.0413518386786],[-118.529229234214,34.0413008389123],[-118.52924923324,34.0412518382372],[-118.529270234169,34.0412018387692],[-118.529290233662,34.0411498377623],[-118.529314234538,34.0410988388522],[-118.52934223443,34.0410498382479],[-118.529371234956,34.0410008386593],[-118.529399233698,34.0409518380469],[-118.529426234206,34.0408948388399],[-118.52945323422,34.0408468387949],[-118.529511233367,34.0407518380855],[-118.529558234769,34.040644838312],[-118.52961423455,34.0404468382407]]},"properties":{"OBJECTID":231958,"FullName":null,"Source":"CAMS","SourceID":"45A00D56-F1DB-4A20-B2FE-135E81F095CC","UpdateDate":1705841266000}},{"type":"Feature","id":232454,"geometry":{"type":"LineString","coordinates":[[-118.524599232738,34.0486998388677],[-118.524868234239,34.0486598388408],[-118.525103233627,34.0486398397779],[-118.525292234624,34.0486368396472],[-118.525483233851,34.0486438394167],[-118.525630234227,34.0486578397395]]},"properties":{"OBJECTID":232454,"FullName":"Albright St","Source":"CAMS","SourceID":"B63EF986-1209-4A82-88D4-FB1802933F72","UpdateDate":1429331240000}},{"type":"Feature","id":234414,"geometry":{"type":"LineString","coordinates":[[-118.525822234288,34.0473838398512],[-118.525241234659,34.048006839411],[-118.525172233243,34.0480598390118],[-118.525085234173,34.0481048390406],[-118.524998234485,34.048132839581],[-118.524944233956,34.0481438405268],[-118.524491234082,34.0482128402047]]},"properties":{"OBJECTID":234414,"FullName":"Swarthmore Ave","Source":"CAMS","SourceID":"E7D14F2D-B798-41CC-AE53-0E44C28D50F8","UpdateDate":1429331240000}},{"type":"Feature","id":236127,"geometry":{"type":"LineString","coordinates":[[-118.529460235464,34.0428748389794],[-118.530607234822,34.0430738396355]]},"properties":{"OBJECTID":236127,"FullName":"Carthage St","Source":"CAMS","SourceID":"B4BB8963-6F0F-4361-8D11-7799B5990E2C","UpdateDate":1429331240000}},{"type":"Feature","id":236331,"geometry":{"type":"LineString","coordinates":[[-118.529103235425,34.0502628402701],[-118.529295234765,34.0499328385951],[-118.529352235015,34.0497638403373]]},"properties":{"OBJECTID":236331,"FullName":null,"Source":"CAMS","SourceID":"2A1F3EF9-C86B-4715-867E-E5121CB2D910","UpdateDate":1705841266000}},{"type":"Feature","id":236925,"geometry":{"type":"LineString","coordinates":[[-118.519127233124,34.0476648390763],[-118.519527233143,34.0494758401226]]},"properties":{"OBJECTID":236925,"FullName":"Iliff St","Source":"CAMS","SourceID":"1E01BC17-3053-4344-9FBE-ABF8D6FA19F0","UpdateDate":1429331240000}},{"type":"Feature","id":240371,"geometry":{"type":"LineString","coordinates":[[-118.527069232741,34.0384178381751],[-118.527180233077,34.0378058387004]]},"properties":{"OBJECTID":240371,"FullName":null,"Source":"CAMS","SourceID":"9DF4E8FB-69BF-4562-B9A7-97BBF8EEB7E0","UpdateDate":1429331240000}},{"type":"Feature","id":242309,"geometry":{"type":"LineString","coordinates":[[-118.522112232544,34.0397788392206],[-118.522776233726,34.039515838806],[-118.522864233277,34.0394058387413]]},"properties":{"OBJECTID":242309,"FullName":"Pampas Ricas Blvd","Source":"CAMS","SourceID":"18E43B12-3D0A-4679-A92A-DF178D8B2B54","UpdateDate":1429331240000}},{"type":"Feature","id":242437,"geometry":{"type":"LineString","coordinates":[[-118.517726232168,34.0413618391538],[-118.517735231503,34.0413588390116],[-118.517867232015,34.041325839185],[-118.518009232908,34.0413058397754],[-118.518135231985,34.0413028397648],[-118.518224231889,34.0413088398152]]},"properties":{"OBJECTID":242437,"FullName":"W Sunset Blvd","Source":"CAMS","SourceID":"F59C78FB-16C0-4DAD-B5E5-BDF2CD88049C","UpdateDate":1429331240000}},{"type":"Feature","id":242562,"geometry":{"type":"LineString","coordinates":[[-118.521141232963,34.0473568394975],[-118.522147233165,34.0472028399769]]},"properties":{"OBJECTID":242562,"FullName":"Bashford St","Source":"CAMS","SourceID":"C040E088-76FC-4343-828E-C952F5EE775E","UpdateDate":1429331240000}},{"type":"Feature","id":245332,"geometry":{"type":"LineString","coordinates":[[-118.523245233419,34.038399837798],[-118.522987233553,34.0385738383018]]},"properties":{"OBJECTID":245332,"FullName":"El Cerco Pl","Source":"CAMS","SourceID":"8974BF0C-1DE9-439B-8FC6-F37C7F9A1B1C","UpdateDate":1429331240000}},{"type":"Feature","id":245638,"geometry":{"type":"LineString","coordinates":[[-118.522881232619,34.03866083882],[-118.522482232786,34.0384458379086]]},"properties":{"OBJECTID":245638,"FullName":"Almoloya Dr","Source":"CAMS","SourceID":"D6D18796-A034-43A7-A6DB-4A976832F356","UpdateDate":1429331240000}},{"type":"Feature","id":247330,"geometry":{"type":"LineString","coordinates":[[-118.52051523285,34.0430148385752],[-118.521211231791,34.0424278400336]]},"properties":{"OBJECTID":247330,"FullName":"Drummond St","Source":"CAMS","SourceID":"1B79F6A9-7102-4477-834A-151D365AB6E8","UpdateDate":1429331240000}},{"type":"Feature","id":247524,"geometry":{"type":"LineString","coordinates":[[-118.522898232402,34.0355408376246],[-118.522821232125,34.0356488391507],[-118.522732232498,34.0357938376385],[-118.522638232568,34.035982838374],[-118.522577233383,34.0361388387244],[-118.52252623246,34.0363118384642]]},"properties":{"OBJECTID":247524,"FullName":"Alma Real Dr","Source":"CAMS","SourceID":"0FD5CEC9-415A-4378-B09E-CEA9F5101A86","UpdateDate":1429331240000}},{"type":"Feature","id":248425,"geometry":{"type":"LineString","coordinates":[[-118.525293232557,34.0364728380836],[-118.525384232628,34.0364478382393],[-118.525500231983,34.0364358388003],[-118.525598232729,34.0364418383936],[-118.525693231905,34.0364618383533],[-118.525782233361,34.0364948384041],[-118.525863232874,34.0365398375651],[-118.525934233597,34.03659683824],[-118.525996234204,34.0366698380275],[-118.526238232966,34.0370188384958]]},"properties":{"OBJECTID":248425,"FullName":"Earlham St","Source":"CAMS","SourceID":"0B0866E5-2B45-429E-ABCC-2DB60257AD70","UpdateDate":1772073869000}},{"type":"Feature","id":249145,"geometry":{"type":"LineString","coordinates":[[-118.525938235196,34.0469208395183],[-118.526028233916,34.0469618389781],[-118.527119234184,34.0471508402978]]},"properties":{"OBJECTID":249145,"FullName":"Antioch St","Source":"CAMS","SourceID":"05955A17-14B7-4041-B5EA-1CEC9706212C","UpdateDate":1429331240000}},{"type":"Feature","id":249578,"geometry":{"type":"LineString","coordinates":[[-118.51535723273,34.0466778406105],[-118.515659232568,34.046355840579],[-118.516250232545,34.0456118401206],[-118.516297231869,34.0455678397088],[-118.516360232057,34.0455328394367],[-118.516431231938,34.0455128398837],[-118.516501233443,34.0455088396634],[-118.51657123257,34.0455188403125],[-118.516631231499,34.0455408390152],[-118.516929231938,34.0457178393911]]},"properties":{"OBJECTID":249578,"FullName":"Gallaudet Pl","Source":"CAMS","SourceID":"5370F85D-E577-426B-ABEE-4C06CA701402","UpdateDate":1772073869000}},{"type":"Feature","id":250954,"geometry":{"type":"LineString","coordinates":[[-118.518835233167,34.0416318391523],[-118.52051523285,34.0430148385752]]},"properties":{"OBJECTID":250954,"FullName":"W Sunset Blvd","Source":"CAMS","SourceID":"74C4AF92-6E80-4D06-A832-81A0BFCF8579","UpdateDate":1429331240000}},{"type":"Feature","id":251670,"geometry":{"type":"LineString","coordinates":[[-118.51822823294,34.0385128398785],[-118.518168233168,34.0388278380725],[-118.518133232895,34.0390748385901],[-118.51810823093,34.0393228383761],[-118.518094231267,34.03957183944],[-118.518090231476,34.039820838167],[-118.51809723263,34.0400688394719],[-118.518114231373,34.0403178391578],[-118.518224231889,34.0413088398152]]},"properties":{"OBJECTID":251670,"FullName":"Chautauqua Blvd","Source":"CAMS","SourceID":"46DBB750-3E8F-47A5-B25F-BD395DF4509C","UpdateDate":1429331240000}},{"type":"Feature","id":252219,"geometry":{"type":"LineString","coordinates":[[-118.525773234602,34.044143839494],[-118.525784233451,34.0441648389389],[-118.525806233732,34.0441898392905],[-118.525863234072,34.0442278388742],[-118.525917234243,34.0442468389355],[-118.52657723426,34.0443608381115]]},"properties":{"OBJECTID":252219,"FullName":"Patterson Pl","Source":"CAMS","SourceID":"002547AD-86A8-4DCE-AE06-C4CAA2605274","UpdateDate":1772073869000}},{"type":"Feature","id":254086,"geometry":{"type":"LineString","coordinates":[[-118.51922423223,34.0433888396092],[-118.520231233239,34.0432348389662]]},"properties":{"OBJECTID":254086,"FullName":"Drummond St","Source":"CAMS","SourceID":"6ED83C1B-FB61-4D19-94F9-8D482DEB622E","UpdateDate":1429331240000}},{"type":"Feature","id":254421,"geometry":{"type":"LineString","coordinates":[[-118.519527233143,34.0494758401226],[-118.520534232141,34.0493218399323]]},"properties":{"OBJECTID":254421,"FullName":"Albright St","Source":"CAMS","SourceID":"D91611E1-FB42-452E-B3F2-E8EFA2F934F2","UpdateDate":1429331240000}},{"type":"Feature","id":254540,"geometry":{"type":"LineString","coordinates":[[-118.522864233277,34.0394058387413],[-118.522922233223,34.0394948381196],[-118.523006233154,34.0395908388974],[-118.52309323281,34.0396658396963],[-118.523189233049,34.039731838333],[-118.523310233018,34.0397948382123],[-118.523424232412,34.0398378388268],[-118.523772232802,34.0399268388494]]},"properties":{"OBJECTID":254540,"FullName":"El Cerco Pl","Source":"CAMS","SourceID":"E75571B9-DE67-4AD1-8CB8-6E01AD713152","UpdateDate":1429331240000}},{"type":"Feature","id":255221,"geometry":{"type":"LineString","coordinates":[[-118.521141232963,34.0473568394975],[-118.52154123398,34.0491678394314]]},"properties":{"OBJECTID":255221,"FullName":"Galloway St","Source":"CAMS","SourceID":"11F39D33-8DF1-4E07-BD76-0EA5CAC66AED","UpdateDate":1429331240000}},{"type":"Feature","id":256388,"geometry":{"type":"LineString","coordinates":[[-118.516319232555,34.0519438411594],[-118.516426232871,34.0521128405477]]},"properties":{"OBJECTID":256388,"FullName":"Rivas Canyon Rd","Source":"CAMS","SourceID":"7C49A24C-4557-46F5-B4A3-FAD4C38A7839","UpdateDate":1429335300000}},{"type":"Feature","id":257530,"geometry":{"type":"LineString","coordinates":[[-118.525938235196,34.0469208395183],[-118.525822234288,34.0473838398512]]},"properties":{"OBJECTID":257530,"FullName":"N Swarthmore Ave","Source":"CAMS","SourceID":"8F5A3E1D-C5EA-4960-8457-C02AF9746F2A","UpdateDate":1429331240000}},{"type":"Feature","id":257607,"geometry":{"type":"LineString","coordinates":[[-118.529051235523,34.0488718399539],[-118.529083234806,34.048939839929],[-118.529115234729,34.0489858396201],[-118.529192235214,34.0490878386809],[-118.529422233837,34.0491528394738]]},"properties":{"OBJECTID":257607,"FullName":"N Haverford Ave","Source":"CAMS","SourceID":"44E6DAA9-7D33-4C5F-9B80-A6AB2C6CFE0E","UpdateDate":1429331240000}},{"type":"Feature","id":257825,"geometry":{"type":"LineString","coordinates":[[-118.526731233418,34.0377278389954],[-118.526787234207,34.0378318378382],[-118.526826233871,34.0379378383288],[-118.526849232756,34.0380468377282],[-118.526856232299,34.0381568382286],[-118.526847232434,34.0382678389311],[-118.526822232809,34.0383758379015],[-118.526781233184,34.0384818385436],[-118.526725233844,34.0385818381511],[-118.526655234313,34.038675838654],[-118.526571232792,34.0387618386186],[-118.526461232576,34.0388498388084],[-118.526237232957,34.0389908378323]]},"properties":{"OBJECTID":257825,"FullName":"Lombard Ave","Source":"CAMS","SourceID":"0F04DA3F-D401-4E97-B4E2-0E24EA93B9C4","UpdateDate":1429331240000}},{"type":"Feature","id":258536,"geometry":{"type":"LineString","coordinates":[[-118.521158233748,34.0523648398051],[-118.521910233363,34.052487840121],[-118.523008234138,34.0527268408228],[-118.523127233379,34.0527388396611],[-118.523246235007,34.052736840167],[-118.523379234649,34.0527178399605],[-118.523493233832,34.0526868404421],[-118.523600233695,34.0526428394088],[-118.523700233975,34.0525868393924],[-118.523799233757,34.0525108402717],[-118.523874233094,34.0524328400928],[-118.52394323478,34.0523378403137],[-118.524012232926,34.0522158412023],[-118.524066233121,34.0520888395849],[-118.524104233581,34.051956840731],[-118.524133234081,34.0517798400104],[-118.524145233561,34.0515818395883],[-118.524145234022,34.0515428398858],[-118.524124233569,34.0514418405005]]},"properties":{"OBJECTID":258536,"FullName":"Mc Kendree Ave","Source":"CAMS","SourceID":"BF437609-21F4-4638-97F1-BFAC5AF50506","UpdateDate":1429331240000}},{"type":"Feature","id":258574,"geometry":{"type":"LineString","coordinates":[[-118.528549233257,34.0368708382361],[-118.528268232974,34.037993837826]]},"properties":{"OBJECTID":258574,"FullName":"N Swarthmore Ave","Source":"CAMS","SourceID":"F5968675-70E3-4FDE-ADB0-CDB62257094E","UpdateDate":1429331240000}},{"type":"Feature","id":259214,"geometry":{"type":"LineString","coordinates":[[-118.519209231932,34.0360858384279],[-118.518657232129,34.0372318388351],[-118.518530231787,34.0375308395962],[-118.518452232337,34.0377348384447],[-118.518371232732,34.0379748386467],[-118.51830023322,34.0382158389491],[-118.51822823294,34.0385128398785]]},"properties":{"OBJECTID":259214,"FullName":"Chautauqua Blvd","Source":"CAMS","SourceID":"E0C63568-0F10-45BD-AFE0-FDEFADC97978","UpdateDate":1429331240000}},{"type":"Feature","id":259495,"geometry":{"type":"LineString","coordinates":[[-118.519737233571,34.0457138393665],[-118.520134233794,34.0475108403345]]},"properties":{"OBJECTID":259495,"FullName":"Hartzell St","Source":"CAMS","SourceID":"C6F56CBC-0431-40BA-94E3-5E04D7D691B4","UpdateDate":1429331240000}},{"type":"Feature","id":261013,"geometry":{"type":"LineString","coordinates":[[-118.518236231744,34.0414208396738],[-118.518348230934,34.0414408391837],[-118.518452232658,34.0414708385399],[-118.518578232481,34.0415238398558],[-118.518680232442,34.0415848389139],[-118.518716231384,34.0416108388147],[-118.518835233167,34.0416318391523]]},"properties":{"OBJECTID":261013,"FullName":"W Sunset Blvd","Source":"CAMS","SourceID":"58240746-DE79-4869-ADAF-015A34895663","UpdateDate":1429331240000}},{"type":"Feature","id":261654,"geometry":{"type":"LineString","coordinates":[[-118.51775923252,34.041469839037],[-118.518217231892,34.0435428390488]]},"properties":{"OBJECTID":261654,"FullName":"Iliff St","Source":"CAMS","SourceID":"F63DF41D-FD48-4B38-BB6D-E204EE845EFB","UpdateDate":1429331240000}},{"type":"Feature","id":267014,"geometry":{"type":"LineString","coordinates":[[-118.518757233626,34.0523898412267],[-118.518879234022,34.0524168401813],[-118.51898323325,34.0524288408347],[-118.519103233628,34.0524288398423],[-118.519314232854,34.0524068402458],[-118.519444233307,34.052407839893],[-118.519573233771,34.0524248406178],[-118.519713233274,34.0524608406927],[-118.519830233055,34.0525078401257],[-118.519926233185,34.0525598405446],[-118.520308233661,34.0527858393991],[-118.520362232986,34.0527998411352],[-118.520423234241,34.0527998397128],[-118.520628232933,34.0527488404218],[-118.520673234023,34.0527578403046],[-118.520713234591,34.0527778406801],[-118.520747233565,34.0528098402682],[-118.520765232955,34.0528528400094],[-118.520765232544,34.0528938411248],[-118.520745233633,34.0529378395495],[-118.520711234339,34.0529698402489],[-118.520670232965,34.0529888402771],[-118.520653233356,34.0529928406761]]},"properties":{"OBJECTID":267014,"FullName":"Chautauqua Blvd","Source":"CAMS","SourceID":"C39DAFBA-5E98-4B1D-B372-20AFD3FCFD23","UpdateDate":1429331240000}},{"type":"Feature","id":269591,"geometry":{"type":"LineString","coordinates":[[-118.52148223276,34.0375978390203],[-118.521321232465,34.0378408390636],[-118.521242231468,34.0379878388688],[-118.521169232348,34.0381528380831],[-118.521098232063,34.0383658391758],[-118.52105823259,34.0385388385975],[-118.521032232346,34.0387148383218],[-118.521021232865,34.0388908382228],[-118.521024233604,34.0390668381147],[-118.521050231746,34.039286839345],[-118.521086232641,34.0394608387554],[-118.52113823182,34.0396318391069],[-118.52118523143,34.0397578390678],[-118.521271233333,34.0399578384417]]},"properties":{"OBJECTID":269591,"FullName":"Chapala Dr","Source":"CAMS","SourceID":"5C110BE0-4100-41CB-BD19-E3C68389693D","UpdateDate":1429331240000}},{"type":"Feature","id":270098,"geometry":{"type":"LineString","coordinates":[[-118.517195232806,34.0436998396471],[-118.518217231892,34.0435428390488]]},"properties":{"OBJECTID":270098,"FullName":"Drummond St","Source":"CAMS","SourceID":"B0C49722-EE79-411E-80A6-B288A1E950A3","UpdateDate":1429331240000}},{"type":"Feature","id":270872,"geometry":{"type":"LineString","coordinates":[[-118.518224231889,34.0413088398152],[-118.518390233158,34.041246838832],[-118.519583231963,34.0407748392724]]},"properties":{"OBJECTID":270872,"FullName":"Pampas Ricas Blvd","Source":"CAMS","SourceID":"9EA08F7E-6AE0-4247-B2F4-ECF365B536B0","UpdateDate":1429331240000}},{"type":"Feature","id":271580,"geometry":{"type":"LineString","coordinates":[[-118.529638233262,34.0370598375257],[-118.529357233221,34.0381808392057]]},"properties":{"OBJECTID":271580,"FullName":"Via De La Paz","Source":"CAMS","SourceID":"98EC7B30-39FF-4561-8E40-20FEFF84A040","UpdateDate":1429331240000}},{"type":"Feature","id":272094,"geometry":{"type":"LineString","coordinates":[[-118.528042235206,34.0533198401905],[-118.527908235611,34.0532888405891],[-118.527840234756,34.0532548396512],[-118.527813235466,34.0532218395938],[-118.527807235989,34.0531708395634],[-118.527777235241,34.0527408406317]]},"properties":{"OBJECTID":272094,"FullName":null,"Source":"CAMS","SourceID":"AC84AE43-E1F9-460C-9FED-0D133148414C","UpdateDate":1705841266000}},{"type":"Feature","id":272796,"geometry":{"type":"LineString","coordinates":[[-118.521342233225,34.0400818396948],[-118.521502231683,34.0402998395626],[-118.521622232445,34.0404458393219],[-118.521754231688,34.0405838391509],[-118.521924232393,34.0407348388537],[-118.522629233142,34.0413128385175],[-118.522709233033,34.0413568380277],[-118.522797233766,34.0413888394208],[-118.52288023279,34.0414058382613],[-118.5230802326,34.0414328394859]]},"properties":{"OBJECTID":272796,"FullName":"Chapala Dr","Source":"CAMS","SourceID":"8F227689-9269-4D83-976F-EABEA1554804","UpdateDate":1429331240000}},{"type":"Feature","id":273111,"geometry":{"type":"LineString","coordinates":[[-118.517496231914,34.0450628389939],[-118.517529231542,34.0451388406453],[-118.517724232162,34.0460218402197]]},"properties":{"OBJECTID":273111,"FullName":"Kagawa St","Source":"CAMS","SourceID":"8749281C-137E-459E-A140-98341CE4F423","UpdateDate":1429331240000}},{"type":"Feature","id":273596,"geometry":{"type":"LineString","coordinates":[[-118.522547233583,34.0490138402644],[-118.523554234609,34.0488598391784]]},"properties":{"OBJECTID":273596,"FullName":"Albright St","Source":"CAMS","SourceID":"09C50EF7-69CD-4DB6-BD12-72510B19C36F","UpdateDate":1429331240000}},{"type":"Feature","id":274163,"geometry":{"type":"LineString","coordinates":[[-118.526316235198,34.0527498395147],[-118.526272235107,34.0528148393567],[-118.526237234966,34.0528988404835],[-118.526223233816,34.0529748399891],[-118.526211234394,34.0531278411967]]},"properties":{"OBJECTID":274163,"FullName":"Rimmer Ave","Source":"CAMS","SourceID":"EC938D64-B860-4C48-A58E-A7F81A541E71","UpdateDate":1429331240000}},{"type":"Feature","id":279706,"geometry":{"type":"LineString","coordinates":[[-118.528475235359,34.052541840203],[-118.528199234155,34.0525618394148],[-118.528101234345,34.0525878392909],[-118.528042235235,34.0526318399957],[-118.52800623537,34.0526968397518],[-118.527990235012,34.0527688399638],[-118.528042235206,34.0533198401905]]},"properties":{"OBJECTID":279706,"FullName":"","Source":"CAMS","SourceID":"EE78CABA-4A39-4234-837A-AF92655D91ED","UpdateDate":1786646731000}},{"type":"Feature","id":279842,"geometry":{"type":"LineString","coordinates":[[-118.526238232966,34.0370188384958],[-118.52627323406,34.0370698383619]]},"properties":{"OBJECTID":279842,"FullName":"W Earlham St","Source":"CAMS","SourceID":"94A6EB91-9098-45DA-BE8E-6A4106ED30C2","UpdateDate":1429331240000}},{"type":"Feature","id":281439,"geometry":{"type":"LineString","coordinates":[[-118.526116233734,34.0511608403744],[-118.526982235256,34.051303840415]]},"properties":{"OBJECTID":281439,"FullName":"Bestor Blvd","Source":"CAMS","SourceID":"FB8DE724-8D2F-417F-9F68-57E7CCA7DFFA","UpdateDate":1429331240000}},{"type":"Feature","id":282409,"geometry":{"type":"LineString","coordinates":[[-118.530965234373,34.0359208384077],[-118.532563234834,34.0359698382282]]},"properties":{"OBJECTID":282409,"FullName":null,"Source":"CAMS","SourceID":"DF0A238B-DFAE-4826-9525-BF00501F1A01","UpdateDate":1429331240000}},{"type":"Feature","id":283464,"geometry":{"type":"LineString","coordinates":[[-118.520467233622,34.0404268398155],[-118.520608232349,34.0406398389834],[-118.520760232884,34.0408358389063],[-118.520884231439,34.0409778391597],[-118.521063233003,34.0411568400086],[-118.521237232483,34.041309838366],[-118.52189623239,34.0418518395945]]},"properties":{"OBJECTID":283464,"FullName":"Ocampo Dr","Source":"CAMS","SourceID":"1D57DFEF-F872-4DC6-B5C4-93D20AED96C9","UpdateDate":1429331240000}},{"type":"Feature","id":283755,"geometry":{"type":"LineString","coordinates":[[-118.526627233994,34.0491198397415],[-118.527279234876,34.049233839512],[-118.527346234508,34.0492578398295],[-118.527406234488,34.0492918399064],[-118.527465233502,34.049343839057],[-118.527507234039,34.0493998395421],[-118.527536233342,34.0494728394449],[-118.527543234622,34.0495498391109],[-118.527535235283,34.0495988393794],[-118.527203234913,34.0509218400432]]},"properties":{"OBJECTID":283755,"FullName":"Albright St","Source":"CAMS","SourceID":"FC50D03D-4B5F-4C50-9F56-1CC435B189CE","UpdateDate":1429331240000}},{"type":"Feature","id":283813,"geometry":{"type":"LineString","coordinates":[[-118.527813234207,34.0379148379231],[-118.528268232974,34.037993837826]]},"properties":{"OBJECTID":283813,"FullName":"W Earlham St","Source":"CAMS","SourceID":"0124864E-4E56-4290-8522-BD0D46B421F2","UpdateDate":1429331240000}},{"type":"Feature","id":284020,"geometry":{"type":"LineString","coordinates":[[-118.531844233836,34.0390578388058],[-118.531845234685,34.0390868378203],[-118.531831235191,34.0391728387252],[-118.531780235368,34.0393148376313],[-118.531711235356,34.0394518383144],[-118.531641234183,34.0395608388483],[-118.531542234803,34.0396838380874],[-118.530323234332,34.0409058382659]]},"properties":{"OBJECTID":284020,"FullName":"Radcliffe Ave","Source":"CAMS","SourceID":"A27CEB32-3303-4695-8DCD-4CB793FE1E8C","UpdateDate":1429331240000}},{"type":"Feature","id":285407,"geometry":{"type":"LineString","coordinates":[[-118.527737234626,34.0472578403327],[-118.528379234054,34.0449118387708]]},"properties":{"OBJECTID":285407,"FullName":null,"Source":"CAMS","SourceID":"A4C6C03D-2244-4666-B97C-E414E9F90EC6","UpdateDate":1705841266000}},{"type":"Feature","id":286322,"geometry":{"type":"LineString","coordinates":[[-118.518224231889,34.0413088398152],[-118.518236231744,34.0414208396738]]},"properties":{"OBJECTID":286322,"FullName":"S Chautauqua Blvd","Source":"CAMS","SourceID":"5E2DAC9D-3132-418E-97F0-6013DFACDC6F","UpdateDate":1429331240000}},{"type":"Feature","id":286872,"geometry":{"type":"LineString","coordinates":[[-118.516283232822,34.0518858403835],[-118.516319232555,34.0519438411594]]},"properties":{"OBJECTID":286872,"FullName":"Rivas Canyon Rd","Source":"CAMS","SourceID":"8BA3B1A9-724C-4FE6-BAD2-C5FD8D21E614","UpdateDate":1429331240000}},{"type":"Feature","id":290147,"geometry":{"type":"LineString","coordinates":[[-118.523003232364,34.0450628390633],[-118.523477234003,34.044243839106]]},"properties":{"OBJECTID":290147,"FullName":"Carey St","Source":"CAMS","SourceID":"647428B1-0A69-4FA3-9E3D-A5DB519D4ECB","UpdateDate":1772073869000}},{"type":"Feature","id":290402,"geometry":{"type":"LineString","coordinates":[[-118.515145230924,34.0367548387556],[-118.515811231151,34.0370628395345],[-118.515859230783,34.0370808392333],[-118.515926232604,34.0370948396309],[-118.515995230984,34.0370968391933],[-118.516063231638,34.0370868389951],[-118.516379230875,34.0369868388896]]},"properties":{"OBJECTID":290402,"FullName":"Hilltree Rd","Source":"CAMS","SourceID":"E5CF2037-5D24-44A3-9E57-54ED5805023B","UpdateDate":1772073869000}},{"type":"Feature","id":290478,"geometry":{"type":"LineString","coordinates":[[-118.529352235015,34.0497638403373],[-118.52945423411,34.0498018393345],[-118.52961823528,34.0498468399567],[-118.529786234439,34.0498778390339],[-118.529958235099,34.0498928387215],[-118.530131234378,34.0498948398876],[-118.530275234977,34.0498848388327],[-118.530445235307,34.0498588400734],[-118.530519234426,34.0498398387011]]},"properties":{"OBJECTID":290478,"FullName":"W Sunset Blvd","Source":"CAMS","SourceID":"0A5CF4C3-8C9B-47D4-9F4E-45F4AE9F66AB","UpdateDate":1429331240000}},{"type":"Feature","id":291057,"geometry":{"type":"LineString","coordinates":[[-118.529787233368,34.0405358383613],[-118.530323234332,34.0409058382659]]},"properties":{"OBJECTID":291057,"FullName":"De Pauw St","Source":"CAMS","SourceID":"926D2008-A1CF-446D-A495-2A96961FB7A3","UpdateDate":1429331240000}},{"type":"Feature","id":291350,"geometry":{"type":"LineString","coordinates":[[-118.517497231881,34.0497858401882],[-118.518521233421,34.0496298402314]]},"properties":{"OBJECTID":291350,"FullName":"Albright St","Source":"CAMS","SourceID":"BDCE86FB-6658-4416-B00A-6BC9D08F6CC5","UpdateDate":1429331240000}},{"type":"Feature","id":291520,"geometry":{"type":"LineString","coordinates":[[-118.522482232786,34.0384458379086],[-118.52283123298,34.0387408388273]]},"properties":{"OBJECTID":291520,"FullName":"Almoloya Dr","Source":"CAMS","SourceID":"374D101B-407C-4D68-86AB-7EFF42A0FAA4","UpdateDate":1429331240000}},{"type":"Feature","id":294051,"geometry":{"type":"LineString","coordinates":[[-118.516921232996,34.0480028405332],[-118.517497231881,34.0497858401882]]},"properties":{"OBJECTID":294051,"FullName":"Chautauqua Blvd","Source":"CAMS","SourceID":"44CC4A88-30AE-4D80-B410-C5504C601462","UpdateDate":1429331240000}},{"type":"Feature","id":294556,"geometry":{"type":"LineString","coordinates":[[-118.518224231889,34.0413088398152],[-118.518434232687,34.0410798390932],[-118.519513232593,34.0406508389952]]},"properties":{"OBJECTID":294556,"FullName":"W Pampas Ricas Blvd","Source":"CAMS","SourceID":"506A0395-3420-4659-A664-40CE40A244A7","UpdateDate":1429331240000}},{"type":"Feature","id":294973,"geometry":{"type":"LineString","coordinates":[[-118.524267234481,34.0461028395184],[-118.524512233347,34.0459018393826],[-118.524634233944,34.0458188392715],[-118.524702233647,34.0457778384096],[-118.52493923302,34.0456608388321],[-118.525117234466,34.0455998384478]]},"properties":{"OBJECTID":294973,"FullName":"La Cruz Dr","Source":"CAMS","SourceID":"51B3989C-63FF-487C-A63D-AB37A5C83219","UpdateDate":1429331240000}},{"type":"Feature","id":296624,"geometry":{"type":"LineString","coordinates":[[-118.529675233492,34.0404588388162],[-118.529787233368,34.0405358383613]]},"properties":{"OBJECTID":296624,"FullName":"De Pauw St","Source":"CAMS","SourceID":"4DAEE237-6D9E-4C02-875D-2A64F76568A7","UpdateDate":1429331240000}},{"type":"Feature","id":297800,"geometry":{"type":"LineString","coordinates":[[-118.520134233794,34.0475108403345],[-118.520534232141,34.0493218399323]]},"properties":{"OBJECTID":297800,"FullName":"Hartzell St","Source":"CAMS","SourceID":"64BE4707-BEDC-4AA7-ACF0-8E17FEC7FDB6","UpdateDate":1429331240000}},{"type":"Feature","id":297921,"geometry":{"type":"LineString","coordinates":[[-118.522881232619,34.03866083882],[-118.522862232689,34.0386818395068],[-118.52283123298,34.0387408388273]]},"properties":{"OBJECTID":297921,"FullName":"El Cerco Pl","Source":"CAMS","SourceID":"BAC6FDA7-678B-406E-BC6D-91071A696D38","UpdateDate":1429331240000}},{"type":"Feature","id":301622,"geometry":{"type":"LineString","coordinates":[[-118.532585234765,34.0444038384481],[-118.532608234237,34.0444968390037],[-118.532648235433,34.0445858392558],[-118.532697235287,34.0446598387468],[-118.532767233687,34.0447348391397],[-118.532850235119,34.0447998390324],[-118.532944236132,34.0448538384174],[-118.533035235149,34.0448908380262],[-118.533084234496,34.0449048389973]]},"properties":{"OBJECTID":301622,"FullName":"W Northfield St","Source":"CAMS","SourceID":"D9C20F82-8EF1-4B82-8BCC-931499BD42F7","UpdateDate":1429331240000}},{"type":"Feature","id":303357,"geometry":{"type":"LineString","coordinates":[[-118.52051523285,34.0430148385752],[-118.52137923198,34.0437258394577]]},"properties":{"OBJECTID":303357,"FullName":"W Sunset Blvd","Source":"CAMS","SourceID":"C7B9A75B-DE3B-4CD3-A5F1-B57CC3FDAD29","UpdateDate":1429331240000}},{"type":"Feature","id":304895,"geometry":{"type":"LineString","coordinates":[[-118.530638233527,34.0372328372259],[-118.530358233915,34.0383538378069]]},"properties":{"OBJECTID":304895,"FullName":"N Beirut Ave","Source":"CAMS","SourceID":"00485F23-8C69-4573-BBF7-30CF0D06C85D","UpdateDate":1429331240000}},{"type":"Feature","id":305553,"geometry":{"type":"LineString","coordinates":[[-118.522112232544,34.0397788392206],[-118.522313233031,34.0400138386347],[-118.522421232522,34.0401168383258],[-118.52253823368,34.0402118392784],[-118.522692232327,34.0403148388937],[-118.522858232109,34.0404028379285],[-118.523004232919,34.040465838041],[-118.523363233926,34.0405908387421]]},"properties":{"OBJECTID":305553,"FullName":"Frontera Dr","Source":"CAMS","SourceID":"B75C5D6D-4AD5-4D4A-B564-E9C8194BDC17","UpdateDate":1429331240000}},{"type":"Feature","id":309090,"geometry":{"type":"LineString","coordinates":[[-118.532563234834,34.0359698382282],[-118.532564233514,34.0360248376349],[-118.532549234186,34.0360738375427],[-118.532513234909,34.0361248386291]]},"properties":{"OBJECTID":309090,"FullName":"N Mount Holyoke Ave","Source":"CAMS","SourceID":"2CF03552-978F-43B2-9FD4-8D345D3D544B","UpdateDate":1429331240000}},{"type":"Feature","id":309615,"geometry":{"type":"LineString","coordinates":[[-118.523412233067,34.0431008384694],[-118.524513233678,34.0440068400044]]},"properties":{"OBJECTID":309615,"FullName":"Alma Real Dr","Source":"CAMS","SourceID":"C0D58035-EECB-443E-840A-41AFE8CC4125","UpdateDate":1429331240000}},{"type":"Feature","id":309826,"geometry":{"type":"LineString","coordinates":[[-118.524944233522,34.0519538404032],[-118.526974234035,34.0520578402038]]},"properties":{"OBJECTID":309826,"FullName":"Whitfield Ave","Source":"CAMS","SourceID":"CC31D95D-FE63-41DB-9485-675CFB514989","UpdateDate":1429331240000}},{"type":"Feature","id":311146,"geometry":{"type":"LineString","coordinates":[[-118.524513233678,34.0440068400044],[-118.524772233667,34.0443258386533],[-118.524853232658,34.0444428399782],[-118.524939234026,34.0445948397977],[-118.525009233042,34.0447518396544],[-118.525062233251,34.0449138394012],[-118.525098233929,34.0450788394489],[-118.525116234483,34.0452458389475],[-118.525118233569,34.0454658392107],[-118.525117234466,34.0455998384478]]},"properties":{"OBJECTID":311146,"FullName":"Alma Real Dr","Source":"CAMS","SourceID":"D0B0858B-C104-4AEC-B518-A5D9CC7A59DC","UpdateDate":1429331240000}},{"type":"Feature","id":312917,"geometry":{"type":"LineString","coordinates":[[-118.51636623121,34.0408508395129],[-118.516376232802,34.040799839067],[-118.516399231004,34.0407588388004],[-118.516427232143,34.0407188385753],[-118.516457231003,34.0406798395222],[-118.516491231806,34.0406328393163],[-118.516523230611,34.0405878391639],[-118.516536231664,34.0405408395242],[-118.516552231736,34.0404928389667],[-118.516581231951,34.0404338390107],[-118.516607232779,34.0403868396411],[-118.51663223171,34.0403268389552],[-118.516636231864,34.0402608400239],[-118.516642230941,34.0402088397467],[-118.516670231116,34.0401608392146]]},"properties":{"OBJECTID":312917,"FullName":null,"Source":"CAMS","SourceID":"ED5FBB1B-3AF3-452D-921E-FE405CB67E93","UpdateDate":1705841266000}},{"type":"Feature","id":314194,"geometry":{"type":"LineString","coordinates":[[-118.523154233693,34.0470488394467],[-118.523554234609,34.0488598391784]]},"properties":{"OBJECTID":314194,"FullName":"Embury St","Source":"CAMS","SourceID":"912717B3-93C3-4EB1-B7A1-9BFCB5F8C814","UpdateDate":1429331240000}},{"type":"Feature","id":314419,"geometry":{"type":"LineString","coordinates":[[-118.533594234964,34.043079839042],[-118.53355923566,34.0431348379637],[-118.532718234024,34.043974838318],[-118.532659234176,34.0440558386842],[-118.53261923489,34.0441338378303],[-118.532593234109,34.0442148386521],[-118.532580234159,34.0443088391263],[-118.532585234765,34.0444038384481]]},"properties":{"OBJECTID":314419,"FullName":"Erskine Dr","Source":"CAMS","SourceID":"14B9760C-FDD3-4465-9448-1E61FCFAD7C3","UpdateDate":1429331240000}},{"type":"Feature","id":315601,"geometry":{"type":"LineString","coordinates":[[-118.528475235359,34.052541840203],[-118.528488234958,34.052636840771],[-118.528610234904,34.0532558404752],[-118.528693235408,34.0537228399081],[-118.528731234233,34.0540228394488],[-118.528820234167,34.0543038401925]]},"properties":{"OBJECTID":315601,"FullName":null,"Source":"CAMS","SourceID":"F2F8F2DC-97AF-4495-873B-1B7FF547BBE1","UpdateDate":1705841266000}},{"type":"Feature","id":319130,"geometry":{"type":"LineString","coordinates":[[-118.527369233518,34.0363278388714],[-118.527678232523,34.0365518384122],[-118.527814233767,34.0366328386484],[-118.527988232978,34.0367168378785],[-118.528140233876,34.0367738382317],[-118.528297233383,34.0368208382883],[-118.528461233038,34.0368558377684],[-118.528549233257,34.0368708382361]]},"properties":{"OBJECTID":319130,"FullName":"W Friends St","Source":"CAMS","SourceID":"AAFDD5C3-B63B-4A2D-AED9-32A26F21AEE0","UpdateDate":1429331240000}},{"type":"Feature","id":319151,"geometry":{"type":"LineString","coordinates":[[-118.526983233531,34.0368758379674],[-118.526963234047,34.0368878372915],[-118.526872232234,34.0369268383338],[-118.52676923278,34.0369548378817],[-118.526706232211,34.0369648385312],[-118.526238232966,34.0370188384958]]},"properties":{"OBJECTID":319151,"FullName":"N Lombard Ave","Source":"CAMS","SourceID":"B8CABAAB-DEB1-41AD-86F9-80721F9BB37A","UpdateDate":1429331240000}},{"type":"Feature","id":320068,"geometry":{"type":"LineString","coordinates":[[-118.520613231349,34.0348588388314],[-118.52060523172,34.0350678373626],[-118.520578232377,34.0352898386696],[-118.520533232196,34.0355108393404],[-118.520436232309,34.0360618379863]]},"properties":{"OBJECTID":320068,"FullName":"Toyopa Dr","Source":"CAMS","SourceID":"85450D7A-40B2-46E8-910A-967AD4E86594","UpdateDate":1429331240000}},{"type":"Feature","id":322945,"geometry":{"type":"LineString","coordinates":[[-118.530519234426,34.0498398387011],[-118.530638234017,34.0498098400037],[-118.530770234194,34.0497628396068],[-118.530818234288,34.0497408393053]]},"properties":{"OBJECTID":322945,"FullName":"W Sunset Blvd","Source":"CAMS","SourceID":"3D34AD74-1618-4795-930D-A5CF38B87E90","UpdateDate":1429331240000}},{"type":"Feature","id":323923,"geometry":{"type":"LineString","coordinates":[[-118.524267234481,34.0461028395184],[-118.525079233162,34.046771839009]]},"properties":{"OBJECTID":323923,"FullName":"W Sunset Blvd","Source":"CAMS","SourceID":"6A0D47C7-7B22-450B-8CE7-92C03D18695B","UpdateDate":1429331240000}},{"type":"Feature","id":324669,"geometry":{"type":"LineString","coordinates":[[-118.517506232181,34.0415308390073],[-118.517597231744,34.0415428397067],[-118.517705232559,34.0414898395204],[-118.51775923252,34.041469839037]]},"properties":{"OBJECTID":324669,"FullName":"W Sunset Blvd","Source":"CAMS","SourceID":"F8D61374-37C9-46BC-BD70-D708D9C3825E","UpdateDate":1429331240000}},{"type":"Feature","id":325016,"geometry":{"type":"LineString","coordinates":[[-118.531783235533,34.050828839777],[-118.532337235603,34.0512858398549],[-118.532440235345,34.0513488397526],[-118.53255423601,34.0513978397187],[-118.532675235762,34.0514308397274],[-118.532774235825,34.0514458400644],[-118.533690236001,34.0515358394915],[-118.533826235651,34.0515378402198],[-118.534007236005,34.0515218390971],[-118.534140236482,34.0514958391804],[-118.534269235091,34.0514578401948],[-118.534372235986,34.0514188391074],[-118.534490235406,34.051361839917],[-118.534618235156,34.0512828402317],[-118.534761236633,34.0511738401442],[-118.534802236057,34.0511248392835],[-118.534896235768,34.0509728398126],[-118.534946235437,34.0509248394134],[-118.534986236765,34.0508998392029],[-118.535384236505,34.0507028396192],[-118.535476235779,34.0506448386218],[-118.536121235759,34.0501648394155],[-118.536230236297,34.0501058391828],[-118.536348235794,34.0500618392757],[-118.536487236034,34.0500318388302],[-118.53661623645,34.0500228389607],[-118.536746235195,34.0500298395574],[-118.536859235966,34.0500508389694],[-118.537185236884,34.0501328393737],[-118.537243236024,34.0501618381346],[-118.537291235012,34.0502058388145],[-118.537323236719,34.0502658399705]]},"properties":{"OBJECTID":325016,"FullName":"Alcima Ave","Source":"CAMS","SourceID":"1BACE0DC-C6EA-47DE-80A7-B7CAA07AE700","UpdateDate":1429331240000}},{"type":"Feature","id":325278,"geometry":{"type":"LineString","coordinates":[[-118.528937234858,34.0508708392574],[-118.529091234826,34.0509318398624],[-118.529169235753,34.0509338393853],[-118.529251233861,34.0508888402983],[-118.529332235235,34.050800839372],[-118.529357234962,34.0507328393329],[-118.529362235496,34.050619839152],[-118.529348234212,34.0504568390289],[-118.529361235193,34.0504088399563]]},"properties":{"OBJECTID":325278,"FullName":null,"Source":"CAMS","SourceID":"903E7311-AC83-4E31-83E3-063BA94B5679","UpdateDate":1705841266000}},{"type":"Feature","id":325288,"geometry":{"type":"LineString","coordinates":[[-118.529361235193,34.0504088399563],[-118.529103235425,34.0502628402701]]},"properties":{"OBJECTID":325288,"FullName":null,"Source":"CAMS","SourceID":"4CAE4BE4-E9CC-425A-8EF7-72A43098626C","UpdateDate":1705841266000}},{"type":"Feature","id":325558,"geometry":{"type":"LineString","coordinates":[[-118.529309234062,34.0497478389775],[-118.529352235015,34.0497638403373]]},"properties":{"OBJECTID":325558,"FullName":"W Sunset Blvd","Source":"CAMS","SourceID":"BEDB8DB2-0E2B-4771-BC5C-2D59E3CA55FD","UpdateDate":1429331240000}},{"type":"Feature","id":325639,"geometry":{"type":"LineString","coordinates":[[-118.520105232394,34.036437839193],[-118.520795232234,34.0370168388221]]},"properties":{"OBJECTID":325639,"FullName":"Almoloya Dr","Source":"CAMS","SourceID":"97B5C2F8-ADA8-45DA-824D-4465D53D928E","UpdateDate":1429331240000}},{"type":"Feature","id":332755,"geometry":{"type":"LineString","coordinates":[[-118.525140233942,34.0511488401384],[-118.525381234561,34.0511218392528],[-118.525603235566,34.051113840293],[-118.525780234074,34.0511198403447],[-118.525956234241,34.0511348391462],[-118.526116233734,34.0511608403744]]},"properties":{"OBJECTID":332755,"FullName":"Bestor Blvd","Source":"CAMS","SourceID":"C75D6FB2-F7EF-4198-A57A-CDF665FC10EC","UpdateDate":1429331240000}},{"type":"Feature","id":333450,"geometry":{"type":"LineString","coordinates":[[-118.527119234184,34.0471508402978],[-118.526903233231,34.0480148394102]]},"properties":{"OBJECTID":333450,"FullName":"Via De La Paz","Source":"CAMS","SourceID":"E8A751B1-D787-45AA-B311-08AE8A51C5B7","UpdateDate":1429331240000}},{"type":"Feature","id":333466,"geometry":{"type":"LineString","coordinates":[[-118.527354232832,34.0419938382209],[-118.527130233147,34.0424608391109]]},"properties":{"OBJECTID":333466,"FullName":"N Swarthmore Ave","Source":"CAMS","SourceID":"13E2F95C-F45E-4E4A-AEBE-949D09C1B1F4","UpdateDate":1429331240000}},{"type":"Feature","id":334913,"geometry":{"type":"LineString","coordinates":[[-118.52154123398,34.0491678394314],[-118.522060233855,34.0515218403906]]},"properties":{"OBJECTID":334913,"FullName":"Galloway St","Source":"CAMS","SourceID":"F931640A-586C-4EE2-BC89-F4DD34145086","UpdateDate":1429331240000}},{"type":"Feature","id":335899,"geometry":{"type":"LineString","coordinates":[[-118.52657723426,34.0443608381115],[-118.526495233575,34.0446898392355]]},"properties":{"OBJECTID":335899,"FullName":"N Swarthmore Ave","Source":"CAMS","SourceID":"6E618725-402A-4641-A3AB-7AB882ABA064","UpdateDate":1429331240000}},{"type":"Feature","id":337272,"geometry":{"type":"LineString","coordinates":[[-118.516921232996,34.0480028405332],[-118.518121232801,34.0478188395382]]},"properties":{"OBJECTID":337272,"FullName":"Bashford St","Source":"CAMS","SourceID":"E3CFAD76-E3BD-467C-BD71-9D6271290C00","UpdateDate":1429331240000}},{"type":"Feature","id":338477,"geometry":{"type":"LineString","coordinates":[[-118.528839232724,34.0357098375034],[-118.52901223327,34.0357778373053],[-118.5292282339,34.0358458377099],[-118.529405234319,34.0358878379637],[-118.529585233908,34.0359208382619],[-118.529813233491,34.0359458374723],[-118.529914234723,34.0359518384254]]},"properties":{"OBJECTID":338477,"FullName":"Via De Las Olas","Source":"CAMS","SourceID":"9AC01CC6-9659-4529-BFA6-74892AD42BA3","UpdateDate":1429331240000}},{"type":"Feature","id":340933,"geometry":{"type":"LineString","coordinates":[[-118.521271233333,34.0399578384417],[-118.521342233225,34.0400818396948]]},"properties":{"OBJECTID":340933,"FullName":"Chapala Dr","Source":"CAMS","SourceID":"B7B4D15A-C998-44C2-AB7E-5E5CCEF75818","UpdateDate":1429331240000}},{"type":"Feature","id":342432,"geometry":{"type":"LineString","coordinates":[[-118.529389235767,34.0493178387907],[-118.529330235109,34.0495078399881],[-118.52927323451,34.0496608395114],[-118.529309234062,34.0497478389775]]},"properties":{"OBJECTID":342432,"FullName":"Temescal Canyon Rd","Source":"CAMS","SourceID":"5E2B75F8-5E21-41E3-8051-C3F90C553C64","UpdateDate":1429331240000}},{"type":"Feature","id":343049,"geometry":{"type":"LineString","coordinates":[[-118.529357233221,34.0381808392057],[-118.530358233915,34.0383538378069]]},"properties":{"OBJECTID":343049,"FullName":"W Earlham St","Source":"CAMS","SourceID":"33B9F6BB-2775-464B-B27D-5553CA85300C","UpdateDate":1429331240000}},{"type":"Feature","id":343555,"geometry":{"type":"LineString","coordinates":[[-118.526495233575,34.0446898392355],[-118.526273233661,34.0455798393257]]},"properties":{"OBJECTID":343555,"FullName":"Swarthmore Ave","Source":"CAMS","SourceID":"0D9E6CC2-1726-430B-AA93-0E03D7830DFC","UpdateDate":1429331240000}},{"type":"Feature","id":343988,"geometry":{"type":"LineString","coordinates":[[-118.527928234612,34.0393548387689],[-118.527106233612,34.0392018380949],[-118.526756232967,34.039056839275],[-118.526770232794,34.0387328380615],[-118.526828234466,34.038466838315],[-118.52700323341,34.0384068389925],[-118.527069232741,34.0384178381751]]},"properties":{"OBJECTID":343988,"FullName":null,"Source":"CAMS","SourceID":"5EE233A1-B095-4AD3-AD69-8E2CC976DD16","UpdateDate":1705841266000}},{"type":"Feature","id":346239,"geometry":{"type":"LineString","coordinates":[[-118.528549233257,34.0368708382361],[-118.529638233262,34.0370598375257]]},"properties":{"OBJECTID":346239,"FullName":"W Friends St","Source":"CAMS","SourceID":"7650F7E2-7504-4394-AFDA-CE25C73013D5","UpdateDate":1429331240000}},{"type":"Feature","id":346825,"geometry":{"type":"LineString","coordinates":[[-118.530638233527,34.0372328372259],[-118.531519233511,34.0373848382498]]},"properties":{"OBJECTID":346825,"FullName":"W Friends St","Source":"CAMS","SourceID":"28EA86DD-C8F8-41C3-9630-F84D7ECB6836","UpdateDate":1429331240000}},{"type":"Feature","id":348365,"geometry":{"type":"LineString","coordinates":[[-118.528839232724,34.0357098375034],[-118.528549233257,34.0368708382361]]},"properties":{"OBJECTID":348365,"FullName":"N Swarthmore Ave","Source":"CAMS","SourceID":"042C1544-2956-42BC-9C54-732DCAC0F196","UpdateDate":1429331240000}},{"type":"Feature","id":348632,"geometry":{"type":"LineString","coordinates":[[-118.524794234374,34.0527128404487],[-118.526316235198,34.0527498395147]]},"properties":{"OBJECTID":348632,"FullName":"Mc Kendree Ave","Source":"CAMS","SourceID":"C27BE726-DC48-4391-AA00-F3ADF832D4DC","UpdateDate":1429331240000}},{"type":"Feature","id":349480,"geometry":{"type":"LineString","coordinates":[[-118.516627232948,34.0461898406717],[-118.516585231362,34.0463148393379],[-118.516558232971,34.0464398405239],[-118.516544231704,34.0465658400064],[-118.516543231963,34.0466928395746],[-118.516560232924,34.0468448402521],[-118.516588233421,34.0469698396591],[-118.516921232996,34.0480028405332]]},"properties":{"OBJECTID":349480,"FullName":"Chautauqua Blvd","Source":"CAMS","SourceID":"B5DF462A-1A8B-4B4C-9FDE-A8116B6CE5E7","UpdateDate":1429331240000}},{"type":"Feature","id":351481,"geometry":{"type":"LineString","coordinates":[[-118.527180233077,34.0378058387004],[-118.527813234207,34.0379148379231]]},"properties":{"OBJECTID":351481,"FullName":"W Earlham St","Source":"CAMS","SourceID":"D4978F88-98DA-4D8D-B4A8-723AB37ABAA0","UpdateDate":1429331240000}},{"type":"Feature","id":352060,"geometry":{"type":"LineString","coordinates":[[-118.528937234858,34.0508708392574],[-118.528925235301,34.0510298395884],[-118.52889023517,34.051291839703],[-118.528856235971,34.0514908403333],[-118.528804235653,34.0516458389942],[-118.52873123431,34.0518338402949],[-118.528547234892,34.0521988407994],[-118.52849023481,34.0523548393794],[-118.528468235089,34.0524888395606],[-118.528475235359,34.052541840203]]},"properties":{"OBJECTID":352060,"FullName":"Temescal Canyon Rd","Source":"CAMS","SourceID":"71677B85-8FE1-4571-84DE-4738EECA55E8","UpdateDate":1429331240000}},{"type":"Feature","id":354425,"geometry":{"type":"LineString","coordinates":[[-118.524144680933,34.0466443744849],[-118.525484404827,34.0477474714729]]},"properties":{"OBJECTID":354425,"FullName":"Palisades Village Ln","Source":"CAMS","SourceID":null,"UpdateDate":1775575787000}},{"type":"Feature","id":354663,"geometry":{"type":"LineString","coordinates":[[-118.524599232738,34.0486998388677],[-118.525140233942,34.0511488401384]]},"properties":{"OBJECTID":354663,"FullName":"Monument St","Source":"CAMS","SourceID":"F98B1950-D4B9-466A-94B6-5E49C29BC9F8","UpdateDate":1429331240000}},{"type":"Feature","id":354665,"geometry":{"type":"LineString","coordinates":[[-118.524778233721,34.051223839695],[-118.525074233996,34.0511598392237],[-118.525140233942,34.0511488401384]]},"properties":{"OBJECTID":354665,"FullName":"Bestor Blvd","Source":"CAMS","SourceID":"B5727FA0-30A1-4CE4-9C53-A561D9BB3B04","UpdateDate":1429331240000}},{"type":"Feature","id":355666,"geometry":{"type":"LineString","coordinates":[[-118.520231233239,34.0432348389662],[-118.52051523285,34.0430148385752]]},"properties":{"OBJECTID":355666,"FullName":"Drummond St","Source":"CAMS","SourceID":"BAC1DE4D-E5C7-4D96-8CB8-B75779F5ECAD","UpdateDate":1429331240000}},{"type":"Feature","id":357995,"geometry":{"type":"LineString","coordinates":[[-118.516929231938,34.0457178393911],[-118.516804232033,34.0458698392996],[-118.516716233066,34.0460028394882],[-118.51664523268,34.046143840166],[-118.516627232948,34.0461898406717]]},"properties":{"OBJECTID":357995,"FullName":"Chautauqua Blvd","Source":"CAMS","SourceID":"0B793160-FD4B-4015-88D1-A4D75DB5155B","UpdateDate":1429331240000}},{"type":"Feature","id":358308,"geometry":{"type":"LineString","coordinates":[[-118.522547233583,34.0490138402644],[-118.523118234432,34.0515968407947]]},"properties":{"OBJECTID":358308,"FullName":"Fiske St","Source":"CAMS","SourceID":"6B0782A5-D6F4-4579-B756-BB7BAC9A4391","UpdateDate":1429331240000}},{"type":"Feature","id":358895,"geometry":{"type":"LineString","coordinates":[[-118.523772232802,34.0399268388494],[-118.523486232824,34.040364838744],[-118.523402232595,34.0405188386726]]},"properties":{"OBJECTID":358895,"FullName":"Alma Real Dr","Source":"CAMS","SourceID":"29647112-328F-44E6-BC57-CF54BADE60B4","UpdateDate":1429331240000}},{"type":"Feature","id":359496,"geometry":{"type":"LineString","coordinates":[[-118.523363233926,34.0405908387421],[-118.523278233678,34.0407758387328],[-118.523186233446,34.0410198386642],[-118.523115233734,34.0412678396318],[-118.5230802326,34.0414328394859]]},"properties":{"OBJECTID":359496,"FullName":"Alma Real Dr","Source":"CAMS","SourceID":"E5D9670D-F4A0-48E3-B0A3-BAF7D4D1BCE8","UpdateDate":1429331240000}},{"type":"Feature","id":360200,"geometry":{"type":"LineString","coordinates":[[-118.517506232181,34.0415308390073],[-118.517522231849,34.0414518389069],[-118.517631232177,34.0413988390106],[-118.517726232168,34.0413618391538]]},"properties":{"OBJECTID":360200,"FullName":"W Sunset Blvd","Source":"CAMS","SourceID":"104ECADB-DEFF-4E9E-B4B2-AE99F7A76A12","UpdateDate":1429331240000}},{"type":"Feature","id":360646,"geometry":{"type":"LineString","coordinates":[[-118.516627232948,34.0461898406717],[-118.517724232162,34.0460218402197]]},"properties":{"OBJECTID":360646,"FullName":"Carey St","Source":"CAMS","SourceID":"58CDF3EF-31DA-415E-A223-5B804C582EEA","UpdateDate":1429331240000}},{"type":"Feature","id":361106,"geometry":{"type":"LineString","coordinates":[[-118.528127233746,34.03855683838],[-118.527928234612,34.0393548387689]]},"properties":{"OBJECTID":361106,"FullName":"N Swarthmore Ave","Source":"CAMS","SourceID":"076642DB-5D71-46CC-BCA0-124B793C3B33","UpdateDate":1429331240000}},{"type":"Feature","id":361907,"geometry":{"type":"LineString","coordinates":[[-118.526273233661,34.0455798393257],[-118.525938235196,34.0469208395183]]},"properties":{"OBJECTID":361907,"FullName":"Swarthmore Ave","Source":"CAMS","SourceID":"80716A04-46FE-41B3-A0B1-7EDD9BFAC60D","UpdateDate":1429331240000}},{"type":"Feature","id":362070,"geometry":{"type":"LineString","coordinates":[[-118.52252623246,34.0363118384642],[-118.522194231767,34.0363168386079],[-118.522027233544,34.0363338389446],[-118.52188723192,34.0363598387214],[-118.521752233042,34.0363948384156],[-118.521621231667,34.0364398376855],[-118.521470232757,34.036506839591],[-118.521329232128,34.0365858390881],[-118.5211572327,34.0367058380771],[-118.520998232057,34.0368338377817],[-118.520795232234,34.0370168388221]]},"properties":{"OBJECTID":362070,"FullName":"Ocampo Dr","Source":"CAMS","SourceID":"2FC8F330-5BEC-4D8B-98D2-426DE0AF6B9F","UpdateDate":1429331240000}},{"type":"Feature","id":362724,"geometry":{"type":"LineString","coordinates":[[-118.523154233693,34.0470488394467],[-118.524199233778,34.046888839804]]},"properties":{"OBJECTID":362724,"FullName":"Bashford St","Source":"CAMS","SourceID":"67FB8305-6536-4C04-B574-DA5A9D9E81DA","UpdateDate":1429331240000}},{"type":"Feature","id":367520,"geometry":{"type":"LineString","coordinates":[[-118.523402232595,34.0405188386726],[-118.523798233152,34.0406648386184],[-118.523904233304,34.0408988383979],[-118.524131232971,34.0409248390185],[-118.524224233103,34.0407508385249],[-118.524194232837,34.0405838387497],[-118.524011232372,34.0406048392751],[-118.523907232515,34.0406818384516],[-118.523866233178,34.0406978383501]]},"properties":{"OBJECTID":367520,"FullName":null,"Source":"CAMS","SourceID":"87E8A166-BBF1-4488-8C85-BE19ED326C37","UpdateDate":1705841266000}},{"type":"Feature","id":367711,"geometry":{"type":"LineString","coordinates":[[-118.52148223276,34.0375978390203],[-118.522093233121,34.0381158390307]]},"properties":{"OBJECTID":367711,"FullName":"Almoloya Dr","Source":"CAMS","SourceID":"E8B0C336-310A-47BE-819D-1352144D5637","UpdateDate":1429331240000}},{"type":"Feature","id":368508,"geometry":{"type":"LineString","coordinates":[[-118.529361235193,34.0504088399563],[-118.529369234618,34.0503788404122],[-118.529436234304,34.0502718395387],[-118.529506233802,34.050216839811],[-118.529608234361,34.0501728400269],[-118.529773233776,34.0501598391095],[-118.530362235254,34.0501318392839],[-118.530442235672,34.0501218396218],[-118.53048423532,34.0500958395347],[-118.53051923544,34.0500668392066],[-118.530545235266,34.0500368389358],[-118.530556235617,34.0500058398426],[-118.530519234426,34.0498398387011]]},"properties":{"OBJECTID":368508,"FullName":null,"Source":"CAMS","SourceID":"6847319B-FC4C-4696-9917-722F8BA7027D","UpdateDate":1705841266000}},{"type":"Feature","id":368829,"geometry":{"type":"LineString","coordinates":[[-118.520795232234,34.0370168388221],[-118.52148223276,34.0375978390203]]},"properties":{"OBJECTID":368829,"FullName":"Almoloya Dr","Source":"CAMS","SourceID":"25E4C7EC-1A15-4B83-B39A-BC15CE975A65","UpdateDate":1429331240000}},{"type":"Feature","id":369481,"geometry":{"type":"LineString","coordinates":[[-118.522760233024,34.0452668395101],[-118.523003232364,34.0450628390633]]},"properties":{"OBJECTID":369481,"FullName":"Carey St","Source":"CAMS","SourceID":"98BF32A8-3037-4BAF-9DEA-A8F2B6552959","UpdateDate":1429331240000}},{"type":"Feature","id":370705,"geometry":{"type":"LineString","coordinates":[[-118.526355234703,34.0502048394096],[-118.526116233734,34.0511608403744]]},"properties":{"OBJECTID":370705,"FullName":"Via De La Paz","Source":"CAMS","SourceID":"C3B52C19-29B6-4806-9A65-9DAB8303D33A","UpdateDate":1429331240000}},{"type":"Feature","id":370730,"geometry":{"type":"LineString","coordinates":[[-118.518730232165,34.0458678393846],[-118.519127233124,34.0476648390763]]},"properties":{"OBJECTID":370730,"FullName":"Iliff St","Source":"CAMS","SourceID":"0DEAD9B6-1E3E-4FF5-8BD9-7A6450132BAB","UpdateDate":1429331240000}},{"type":"Feature","id":371841,"geometry":{"type":"LineString","coordinates":[[-118.51824423261,34.0520108405604],[-118.518345233101,34.0521338404312],[-118.51842523296,34.0522118407881],[-118.518502234143,34.052270841405],[-118.518614232556,34.0523348412744],[-118.518721234209,34.0523788402165],[-118.518757233626,34.0523898412267]]},"properties":{"OBJECTID":371841,"FullName":"Chautauqua Blvd","Source":"CAMS","SourceID":"96D97361-EB43-4ED6-83E4-77D234156E85","UpdateDate":1429331240000}},{"type":"Feature","id":372024,"geometry":{"type":"LineString","coordinates":[[-118.523554234609,34.0488598391784],[-118.524124233569,34.0514418405005]]},"properties":{"OBJECTID":372024,"FullName":"Embury St","Source":"CAMS","SourceID":"63FD453A-BA67-40E9-AF48-E9FB6A6DBAE5","UpdateDate":1429331240000}},{"type":"Feature","id":372036,"geometry":{"type":"LineString","coordinates":[[-118.519513232593,34.0406508389952],[-118.520397233227,34.0403028391515]]},"properties":{"OBJECTID":372036,"FullName":"W Pampas Ricas Blvd","Source":"CAMS","SourceID":"CBF62E9A-848F-4856-81C4-8D6C711A07E3","UpdateDate":1429331240000}},{"type":"Feature","id":374317,"geometry":{"type":"LineString","coordinates":[[-118.519931234137,34.0513058408255],[-118.519989232272,34.051533840135],[-118.520084234374,34.0517948404818]]},"properties":{"OBJECTID":374317,"FullName":"Mc Kendree Ave","Source":"CAMS","SourceID":"288B4956-236C-4B6C-8835-2308EB5D7994","UpdateDate":1429331240000}},{"type":"Feature","id":374425,"geometry":{"type":"LineString","coordinates":[[-118.519931234137,34.0513058408255],[-118.520295233368,34.0513028405349],[-118.520641233829,34.0513148408308],[-118.52098023457,34.0513418403962]]},"properties":{"OBJECTID":374425,"FullName":"Bestor Blvd","Source":"CAMS","SourceID":"2A45385F-E38F-4ABF-9426-2CDAA755B45D","UpdateDate":1429331240000}},{"type":"Feature","id":374565,"geometry":{"type":"LineString","coordinates":[[-118.52252623246,34.0363118384642],[-118.522502232537,34.0364208382982],[-118.522481232843,34.036582839233],[-118.522474232683,34.0367458388939],[-118.522481231567,34.0369078376727],[-118.522502232591,34.0370698389666],[-118.522507233144,34.0370968382486]]},"properties":{"OBJECTID":374565,"FullName":"Alma Real Dr","Source":"CAMS","SourceID":"D3DE0E3A-1D03-4C64-AF53-520E3C619CCC","UpdateDate":1429331240000}},{"type":"Feature","id":375881,"geometry":{"type":"LineString","coordinates":[[-118.525630234227,34.0486578397395],[-118.525808233754,34.0486838387285],[-118.526697234177,34.048836839582]]},"properties":{"OBJECTID":375881,"FullName":"Albright St","Source":"CAMS","SourceID":"AAB73B99-F7D2-423C-A1A6-DB6160B0EC26","UpdateDate":1429331240000}},{"type":"Feature","id":379097,"geometry":{"type":"LineString","coordinates":[[-118.527739234298,34.0401108384105],[-118.527698233913,34.0401658384025],[-118.527678233343,34.0402138381133],[-118.527666233699,34.0402728385979],[-118.527672234819,34.0404568390683],[-118.527659234143,34.0407658389574],[-118.527633232679,34.0409998380098],[-118.527593234084,34.0412318391039],[-118.527539234967,34.0414618377323],[-118.527469233017,34.0416888383079],[-118.527354232832,34.0419938382209]]},"properties":{"OBJECTID":379097,"FullName":"N Swarthmore Ave","Source":"CAMS","SourceID":"E4535439-DD68-403F-A12D-3923AF6264FF","UpdateDate":1429331240000}},{"type":"Feature","id":379307,"geometry":{"type":"LineString","coordinates":[[-118.529357233221,34.0381808392057],[-118.528829234281,34.0402988392243]]},"properties":{"OBJECTID":379307,"FullName":"Via De La Paz","Source":"CAMS","SourceID":"CACE8E2E-A358-4C16-9AD5-4DE152FD82A6","UpdateDate":1429331240000}},{"type":"Feature","id":380855,"geometry":{"type":"LineString","coordinates":[[-118.526627233994,34.0491198397415],[-118.526355234703,34.0502048394096]]},"properties":{"OBJECTID":380855,"FullName":"Via De La Paz","Source":"CAMS","SourceID":"2BD44FAA-0CBC-4458-A850-BD6034F25E50","UpdateDate":1429331240000}},{"type":"Feature","id":380873,"geometry":{"type":"LineString","coordinates":[[-118.522147233165,34.0472028399769],[-118.522547233583,34.0490138402644]]},"properties":{"OBJECTID":380873,"FullName":"Fiske St","Source":"CAMS","SourceID":"05875672-2597-4CA3-A58A-311DC83C1078","UpdateDate":1429331240000}},{"type":"Feature","id":381003,"geometry":{"type":"LineString","coordinates":[[-118.520397233227,34.0403028391515],[-118.520467233622,34.0404268398155]]},"properties":{"OBJECTID":381003,"FullName":"Ocampo Dr","Source":"CAMS","SourceID":"F237ED24-F64B-4574-8C3D-440864A12C53","UpdateDate":1429331240000}},{"type":"Feature","id":382759,"geometry":{"type":"LineString","coordinates":[[-118.529893234048,34.0360368384518],[-118.52982323404,34.0363178380544]]},"properties":{"OBJECTID":382759,"FullName":null,"Source":"CAMS","SourceID":"736B857D-6966-4176-9339-835C1FCCC3EC","UpdateDate":1429331240000}},{"type":"Feature","id":382927,"geometry":{"type":"LineString","coordinates":[[-118.520134233794,34.0475108403345],[-118.521141232963,34.0473568394975]]},"properties":{"OBJECTID":382927,"FullName":"Bashford St","Source":"CAMS","SourceID":"25276FF0-E3CB-4875-A712-33F32332E5F4","UpdateDate":1429331240000}},{"type":"Feature","id":383155,"geometry":{"type":"LineString","coordinates":[[-118.52627323406,34.0370698383619],[-118.526731233418,34.0377278389954]]},"properties":{"OBJECTID":383155,"FullName":"W Earlham St","Source":"CAMS","SourceID":"2E94FB51-1849-4935-A36D-D87270C9988B","UpdateDate":1429331240000}},{"type":"Feature","id":384166,"geometry":{"type":"LineString","coordinates":[[-118.524199233778,34.046888839804],[-118.524491234082,34.0482128402047]]},"properties":{"OBJECTID":384166,"FullName":"Monument St","Source":"CAMS","SourceID":"A8AE386E-3FA8-438F-ABE8-49F5402D8022","UpdateDate":1429331240000}}]}